scenario,origin_tcs_zone,destination_tcs_zone,selected_taxi_legs,selected_taxi_tours
low,-1,1,5,5
low,-1,2,11,11
low,-1,3,8,8
low,-1,4,3,3
low,-1,5,24,24
low,-1,6,11,11
low,-1,7,4,4
low,-1,8,4,4
low,-1,9,1,1
low,-1,10,3,3
low,-1,11,3,3
low,-1,14,6,6
low,-1,16,1,1
low,-1,18,3,3
low,-1,19,1,1
low,-1,20,1,1
low,-1,23,1,1
low,-1,26,4,4
low,1,1,287,195
low,1,2,183,183
low,1,3,86,86
low,1,4,79,79
low,1,5,303,303
low,1,6,82,82
low,1,7,147,147
low,1,8,103,103
low,1,9,67,67
low,1,10,46,46
low,1,11,47,47
low,1,12,33,33
low,1,13,22,22
low,1,14,20,20
low,1,15,6,6
low,1,16,6,6
low,1,17,12,12
low,1,18,3,3
low,1,19,54,54
low,1,20,11,11
low,1,21,48,48
low,1,22,11,11
low,1,23,7,7
low,1,24,4,4
low,1,25,4,4
low,1,26,29,29
low,2,1,131,131
low,2,2,277,192
low,2,3,203,203
low,2,4,95,95
low,2,5,372,372
low,2,6,66,66
low,2,7,145,145
low,2,8,108,108
low,2,9,105,105
low,2,10,60,60
low,2,11,47,47
low,2,12,30,30
low,2,13,23,23
low,2,14,14,14
low,2,15,7,7
low,2,16,9,9
low,2,17,17,17
low,2,18,4,4
low,2,19,69,69
low,2,20,23,23
low,2,21,74,74
low,2,22,2,2
low,2,23,8,8
low,2,24,4,4
low,2,25,8,8
low,2,26,25,25
low,3,1,104,104
low,3,2,246,246
low,3,3,432,258
low,3,4,76,76
low,3,5,246,246
low,3,6,70,70
low,3,7,108,108
low,3,8,116,116
low,3,9,180,180
low,3,10,64,64
low,3,11,28,28
low,3,12,31,31
low,3,13,16,16
low,3,14,8,8
low,3,15,4,4
low,3,16,2,2
low,3,17,15,15
low,3,18,4,4
low,3,19,51,51
low,3,20,16,16
low,3,21,100,100
low,3,22,3,3
low,3,23,3,3
low,3,24,7,7
low,3,25,7,7
low,3,26,14,14
low,4,1,82,82
low,4,2,123,123
low,4,3,71,71
low,4,4,157,93
low,4,5,142,142
low,4,6,36,36
low,4,7,61,61
low,4,8,37,37
low,4,9,43,43
low,4,10,22,22
low,4,11,12,12
low,4,12,19,19
low,4,13,9,9
low,4,14,11,11
low,4,15,9,9
low,4,16,3,3
low,4,17,3,3
low,4,18,3,3
low,4,19,19,19
low,4,20,3,3
low,4,21,28,28
low,4,22,4,4
low,4,23,6,6
low,4,24,2,2
low,4,25,3,3
low,5,-1,1,1
low,5,1,316,316
low,5,2,244,244
low,5,3,220,220
low,5,4,117,117
low,5,5,2268,1676
low,5,6,239,239
low,5,7,287,287
low,5,8,192,192
low,5,9,155,155
low,5,10,108,108
low,5,11,99,99
low,5,12,83,83
low,5,13,36,36
low,5,14,48,48
low,5,15,44,44
low,5,16,23,23
low,5,17,52,52
low,5,18,31,31
low,5,19,104,104
low,5,20,37,37
low,5,21,80,80
low,5,22,15,15
low,5,23,18,18
low,5,24,18,18
low,5,25,27,27
low,5,26,268,268
low,6,-1,3,3
low,6,1,92,92
low,6,2,75,75
low,6,3,109,109
low,6,4,50,50
low,6,5,336,336
low,6,6,245,201
low,6,7,157,157
low,6,8,122,122
low,6,9,94,94
low,6,10,66,66
low,6,11,60,60
low,6,12,62,62
low,6,13,33,33
low,6,14,15,15
low,6,15,15,15
low,6,16,8,8
low,6,17,31,31
low,6,18,31,31
low,6,19,110,110
low,6,20,25,25
low,6,21,34,34
low,6,22,17,17
low,6,23,7,7
low,6,24,13,13
low,6,25,5,5
low,6,26,93,93
low,7,1,112,112
low,7,2,84,84
low,7,3,89,89
low,7,4,50,50
low,7,5,441,441
low,7,6,421,421
low,7,7,313,237
low,7,8,106,106
low,7,9,104,104
low,7,10,96,96
low,7,11,61,61
low,7,12,70,70
low,7,13,39,39
low,7,14,45,45
low,7,15,14,14
low,7,16,8,8
low,7,17,18,18
low,7,18,10,10
low,7,19,100,100
low,7,20,19,19
low,7,21,55,55
low,7,22,6,6
low,7,23,8,8
low,7,24,8,8
low,7,25,6,6
low,7,26,76,76
low,8,1,88,88
low,8,2,120,120
low,8,3,110,110
low,8,4,39,39
low,8,5,244,244
low,8,6,104,104
low,8,7,156,156
low,8,8,202,141
low,8,9,107,107
low,8,10,64,64
low,8,11,36,36
low,8,12,34,34
low,8,13,20,20
low,8,14,17,17
low,8,15,6,6
low,8,16,5,5
low,8,17,25,25
low,8,18,7,7
low,8,19,69,69
low,8,20,14,14
low,8,21,52,52
low,8,22,1,1
low,8,23,4,4
low,8,24,5,5
low,8,25,5,5
low,8,26,8,8
low,9,1,80,80
low,9,2,108,108
low,9,3,163,163
low,9,4,36,36
low,9,5,194,194
low,9,6,85,85
low,9,7,123,123
low,9,8,125,125
low,9,9,354,250
low,9,10,89,89
low,9,11,35,35
low,9,12,22,22
low,9,13,13,13
low,9,14,13,13
low,9,15,4,4
low,9,17,28,28
low,9,18,9,9
low,9,19,80,80
low,9,20,26,26
low,9,21,117,117
low,9,22,4,4
low,9,23,2,2
low,9,24,2,2
low,9,25,8,8
low,9,26,10,10
low,10,1,44,44
low,10,2,66,66
low,10,3,68,68
low,10,4,25,25
low,10,5,159,159
low,10,6,51,51
low,10,7,115,115
low,10,8,81,81
low,10,9,81,81
low,10,10,112,87
low,10,11,29,29
low,10,12,18,18
low,10,13,8,8
low,10,14,5,5
low,10,15,11,11
low,10,16,1,1
low,10,17,22,22
low,10,18,2,2
low,10,19,68,68
low,10,20,19,19
low,10,21,42,42
low,10,22,1,1
low,10,23,1,1
low,10,24,4,4
low,10,25,10,10
low,10,26,2,2
low,11,1,45,45
low,11,2,40,40
low,11,3,29,29
low,11,4,10,10
low,11,5,142,142
low,11,6,31,31
low,11,7,96,96
low,11,8,27,27
low,11,9,35,35
low,11,10,22,22
low,11,11,159,106
low,11,12,76,76
low,11,13,44,44
low,11,14,34,34
low,11,15,26,26
low,11,16,14,14
low,11,17,20,20
low,11,18,15,15
low,11,19,66,66
low,11,20,8,8
low,11,21,20,20
low,11,22,6,6
low,11,23,13,13
low,11,24,9,9
low,11,26,15,15
low,12,1,32,32
low,12,2,35,35
low,12,3,40,40
low,12,4,16,16
low,12,5,81,81
low,12,6,38,38
low,12,7,97,97
low,12,8,30,30
low,12,9,20,20
low,12,10,32,32
low,12,11,83,83
low,12,12,79,55
low,12,13,21,21
low,12,14,16,16
low,12,15,16,16
low,12,16,10,10
low,12,17,14,14
low,12,18,11,11
low,12,19,38,38
low,12,20,13,13
low,12,21,16,16
low,12,22,5,5
low,12,23,10,10
low,12,24,9,9
low,12,25,1,1
low,12,26,3,3
low,13,1,27,27
low,13,2,21,21
low,13,3,15,15
low,13,4,8,8
low,13,5,43,43
low,13,6,26,26
low,13,7,51,51
low,13,8,16,16
low,13,9,17,17
low,13,10,13,13
low,13,11,47,47
low,13,12,23,23
low,13,13,17,12
low,13,14,13,13
low,13,15,10,10
low,13,16,7,7
low,13,17,11,11
low,13,18,2,2
low,13,19,13,13
low,13,20,1,1
low,13,21,2,2
low,13,22,6,6
low,13,23,4,4
low,13,24,3,3
low,13,25,2,2
low,13,26,4,4
low,14,1,19,19
low,14,2,7,7
low,14,3,14,14
low,14,4,9,9
low,14,5,64,64
low,14,6,10,10
low,14,7,52,52
low,14,8,16,16
low,14,9,12,12
low,14,10,4,4
low,14,11,34,34
low,14,12,22,22
low,14,13,20,20
low,14,14,400,234
low,14,15,55,55
low,14,16,50,50
low,14,17,12,12
low,14,18,11,11
low,14,19,13,13
low,14,20,7,7
low,14,21,4,4
low,14,22,30,30
low,14,23,56,56
low,14,24,5,5
low,14,26,7,7
low,15,1,8,8
low,15,2,4,4
low,15,3,4,4
low,15,4,8,8
low,15,5,52,52
low,15,6,7,7
low,15,7,23,23
low,15,8,10,10
low,15,9,5,5
low,15,10,9,9
low,15,11,22,22
low,15,12,13,13
low,15,13,7,7
low,15,14,58,58
low,15,15,100,66
low,15,16,50,50
low,15,17,15,15
low,15,18,20,20
low,15,19,16,16
low,15,20,10,10
low,15,21,3,3
low,15,22,9,9
low,15,23,81,81
low,15,24,9,9
low,15,25,1,1
low,15,26,1,1
low,16,1,5,5
low,16,2,7,7
low,16,3,2,2
low,16,4,3,3
low,16,5,24,24
low,16,6,3,3
low,16,7,10,10
low,16,8,7,7
low,16,9,2,2
low,16,10,1,1
low,16,11,15,15
low,16,12,11,11
low,16,13,8,8
low,16,14,50,50
low,16,15,45,45
low,16,16,139,86
low,16,17,5,5
low,16,18,9,9
low,16,19,11,11
low,16,20,3,3
low,16,21,2,2
low,16,22,7,7
low,16,23,37,37
low,16,24,4,4
low,16,25,1,1
low,16,26,2,2
low,17,1,18,18
low,17,2,9,9
low,17,3,15,15
low,17,4,4,4
low,17,5,19,19
low,17,6,45,45
low,17,7,36,36
low,17,8,23,23
low,17,9,28,28
low,17,10,26,26
low,17,11,16,16
low,17,12,13,13
low,17,13,10,10
low,17,14,14,14
low,17,15,12,12
low,17,16,8,8
low,17,17,125,73
low,17,18,36,36
low,17,19,54,54
low,17,20,33,33
low,17,21,12,12
low,17,23,34,34
low,17,24,38,38
low,17,25,2,2
low,17,26,3,3
low,18,1,8,8
low,18,2,3,3
low,18,3,4,4
low,18,4,5,5
low,18,5,17,17
low,18,6,29,29
low,18,7,32,32
low,18,8,5,5
low,18,9,10,10
low,18,10,4,4
low,18,11,19,19
low,18,12,10,10
low,18,13,2,2
low,18,14,5,5
low,18,15,25,25
low,18,16,9,9
low,18,17,41,41
low,18,18,101,56
low,18,19,16,16
low,18,20,9,9
low,18,21,3,3
low,18,22,2,2
low,18,23,26,26
low,18,24,24,24
low,18,25,1,1
low,18,26,3,3
low,19,1,42,42
low,19,2,65,65
low,19,3,64,64
low,19,4,23,23
low,19,5,109,109
low,19,6,79,79
low,19,7,134,134
low,19,8,70,70
low,19,9,78,78
low,19,10,87,87
low,19,11,57,57
low,19,12,44,44
low,19,13,18,18
low,19,14,12,12
low,19,15,17,17
low,19,16,10,10
low,19,17,54,54
low,19,18,17,17
low,19,19,311,200
low,19,20,38,38
low,19,21,55,55
low,19,22,3,3
low,19,23,14,14
low,19,24,16,16
low,19,25,13,13
low,19,26,5,5
low,20,1,8,8
low,20,2,15,15
low,20,3,18,18
low,20,4,3,3
low,20,5,34,34
low,20,6,27,27
low,20,7,31,31
low,20,8,13,13
low,20,9,27,27
low,20,10,19,19
low,20,11,7,7
low,20,12,11,11
low,20,13,1,1
low,20,14,5,5
low,20,15,11,11
low,20,16,1,1
low,20,17,36,36
low,20,18,9,9
low,20,19,48,48
low,20,20,45,30
low,20,21,19,19
low,20,23,9,9
low,20,24,11,11
low,20,25,4,4
low,21,1,39,39
low,21,2,71,71
low,21,3,106,106
low,21,4,31,31
low,21,5,90,90
low,21,6,32,32
low,21,7,44,44
low,21,8,45,45
low,21,9,134,134
low,21,10,48,48
low,21,11,19,19
low,21,12,9,9
low,21,13,7,7
low,21,14,6,6
low,21,15,7,7
low,21,16,1,1
low,21,17,8,8
low,21,18,5,5
low,21,19,57,57
low,21,20,17,17
low,21,21,194,135
low,21,22,2,2
low,21,23,3,3
low,21,24,2,2
low,21,25,12,12
low,21,26,2,2
low,22,1,11,11
low,22,2,3,3
low,22,3,3,3
low,22,4,3,3
low,22,5,18,18
low,22,6,14,14
low,22,7,11,11
low,22,8,6,6
low,22,9,4,4
low,22,10,4,4
low,22,11,5,5
low,22,12,6,6
low,22,13,7,7
low,22,14,26,26
low,22,15,8,8
low,22,16,4,4
low,22,18,3,3
low,22,19,2,2
low,22,21,1,1
low,22,22,82,55
low,22,23,8,8
low,22,24,2,2
low,22,26,2,2
low,23,1,10,10
low,23,2,11,11
low,23,3,3,3
low,23,4,11,11
low,23,5,39,39
low,23,6,11,11
low,23,7,10,10
low,23,8,7,7
low,23,9,4,4
low,23,10,9,9
low,23,11,9,9
low,23,12,9,9
low,23,13,6,6
low,23,14,48,48
low,23,15,64,64
low,23,16,23,23
low,23,17,9,9
low,23,18,21,21
low,23,19,12,12
low,23,20,5,5
low,23,21,3,3
low,23,22,7,7
low,23,23,57,37
low,23,24,3,3
low,23,25,1,1
low,23,26,1,1
low,24,1,6,6
low,24,2,6,6
low,24,3,1,1
low,24,4,3,3
low,24,5,25,25
low,24,6,26,26
low,24,7,10,10
low,24,8,10,10
low,24,9,7,7
low,24,10,12,12
low,24,11,8,8
low,24,12,9,9
low,24,14,10,10
low,24,15,11,11
low,24,16,6,6
low,24,17,38,38
low,24,18,29,29
low,24,19,13,13
low,24,20,14,14
low,24,21,2,2
low,24,22,3,3
low,24,23,4,4
low,24,24,15,11
low,24,25,1,1
low,25,1,3,3
low,25,2,6,6
low,25,3,8,8
low,25,4,2,2
low,25,5,31,31
low,25,6,11,11
low,25,7,16,16
low,25,8,5,5
low,25,9,11,11
low,25,10,7,7
low,25,11,2,2
low,25,12,3,3
low,25,13,1,1
low,25,14,1,1
low,25,16,2,2
low,25,17,1,1
low,25,18,1,1
low,25,19,9,9
low,25,20,3,3
low,25,21,11,11
low,25,25,2,2
low,25,26,1,1
low,26,-1,48,48
low,26,1,6,6
low,26,2,8,8
low,26,3,5,5
low,26,4,4,4
low,26,5,122,122
low,26,6,71,71
low,26,7,29,29
low,26,8,6,6
low,26,9,8,8
low,26,10,2,2
low,26,11,14,14
low,26,12,3,3
low,26,13,3,3
low,26,14,10,10
low,26,15,4,4
low,26,16,2,2
low,26,17,4,4
low,26,18,2,2
low,26,19,7,7
low,26,20,1,1
low,26,22,1,1
low,26,24,1,1
low,26,25,2,2
low,26,26,10,10
base,-1,1,5,5
base,-1,2,13,13
base,-1,3,9,9
base,-1,4,4,4
base,-1,5,25,25
base,-1,6,15,15
base,-1,7,5,5
base,-1,8,4,4
base,-1,9,1,1
base,-1,10,3,3
base,-1,11,2,2
base,-1,14,5,5
base,-1,15,1,1
base,-1,18,3,3
base,-1,19,1,1
base,-1,20,1,1
base,-1,23,1,1
base,-1,26,2,2
base,1,1,312,214
base,1,2,205,205
base,1,3,104,104
base,1,4,92,92
base,1,5,335,335
base,1,6,93,93
base,1,7,159,159
base,1,8,114,114
base,1,9,72,72
base,1,10,49,49
base,1,11,54,54
base,1,12,39,39
base,1,13,22,22
base,1,14,23,23
base,1,15,9,9
base,1,16,6,6
base,1,17,11,11
base,1,18,3,3
base,1,19,56,56
base,1,20,11,11
base,1,21,50,50
base,1,22,13,13
base,1,23,12,12
base,1,24,4,4
base,1,25,6,6
base,1,26,28,28
base,2,1,141,141
base,2,2,302,207
base,2,3,229,229
base,2,4,102,102
base,2,5,392,392
base,2,6,69,69
base,2,7,162,162
base,2,8,125,125
base,2,9,115,115
base,2,10,72,72
base,2,11,49,49
base,2,12,39,39
base,2,13,23,23
base,2,14,14,14
base,2,15,9,9
base,2,16,8,8
base,2,17,24,24
base,2,18,5,5
base,2,19,81,81
base,2,20,24,24
base,2,21,88,88
base,2,22,2,2
base,2,23,9,9
base,2,24,5,5
base,2,25,7,7
base,2,26,29,29
base,3,1,119,119
base,3,2,267,267
base,3,3,475,286
base,3,4,88,88
base,3,5,268,268
base,3,6,74,74
base,3,7,110,110
base,3,8,132,132
base,3,9,196,196
base,3,10,71,71
base,3,11,32,32
base,3,12,32,32
base,3,13,13,13
base,3,14,9,9
base,3,15,7,7
base,3,16,1,1
base,3,17,13,13
base,3,18,5,5
base,3,19,56,56
base,3,20,19,19
base,3,21,106,106
base,3,22,3,3
base,3,23,3,3
base,3,24,7,7
base,3,25,7,7
base,3,26,18,18
base,4,1,98,98
base,4,2,130,130
base,4,3,80,80
base,4,4,155,95
base,4,5,161,161
base,4,6,36,36
base,4,7,73,73
base,4,8,43,43
base,4,9,47,47
base,4,10,27,27
base,4,11,18,18
base,4,12,18,18
base,4,13,9,9
base,4,14,13,13
base,4,15,10,10
base,4,16,3,3
base,4,17,3,3
base,4,18,4,4
base,4,19,22,22
base,4,20,3,3
base,4,21,29,29
base,4,22,5,5
base,4,23,7,7
base,4,24,2,2
base,4,25,3,3
base,5,1,363,363
base,5,2,260,260
base,5,3,234,234
base,5,4,129,129
base,5,5,2493,1857
base,5,6,269,269
base,5,7,306,306
base,5,8,220,220
base,5,9,174,174
base,5,10,106,106
base,5,11,113,113
base,5,12,86,86
base,5,13,42,42
base,5,14,51,51
base,5,15,46,46
base,5,16,27,27
base,5,17,54,54
base,5,18,34,34
base,5,19,118,118
base,5,20,38,38
base,5,21,80,80
base,5,22,13,13
base,5,23,24,24
base,5,24,18,18
base,5,25,29,29
base,5,26,311,311
base,6,-1,5,5
base,6,1,100,100
base,6,2,82,82
base,6,3,114,114
base,6,4,53,53
base,6,5,387,387
base,6,6,277,223
base,6,7,177,177
base,6,8,137,137
base,6,9,96,96
base,6,10,74,74
base,6,11,62,62
base,6,12,63,63
base,6,13,34,34
base,6,14,16,16
base,6,15,15,15
base,6,16,7,7
base,6,17,33,33
base,6,18,30,30
base,6,19,125,125
base,6,20,29,29
base,6,21,36,36
base,6,22,20,20
base,6,23,9,9
base,6,24,15,15
base,6,25,6,6
base,6,26,99,99
base,7,1,117,117
base,7,2,90,90
base,7,3,95,95
base,7,4,63,63
base,7,5,484,484
base,7,6,446,446
base,7,7,337,252
base,7,8,116,116
base,7,9,129,129
base,7,10,94,94
base,7,11,67,67
base,7,12,76,76
base,7,13,38,38
base,7,14,50,50
base,7,15,15,15
base,7,16,9,9
base,7,17,20,20
base,7,18,8,8
base,7,19,113,113
base,7,20,24,24
base,7,21,55,55
base,7,22,6,6
base,7,23,7,7
base,7,24,10,10
base,7,25,5,5
base,7,26,95,95
base,8,1,103,103
base,8,2,136,136
base,8,3,122,122
base,8,4,45,45
base,8,5,275,275
base,8,6,116,116
base,8,7,173,173
base,8,8,232,158
base,8,9,111,111
base,8,10,78,78
base,8,11,41,41
base,8,12,40,40
base,8,13,25,25
base,8,14,18,18
base,8,15,6,6
base,8,16,5,5
base,8,17,29,29
base,8,18,8,8
base,8,19,79,79
base,8,20,12,12
base,8,21,60,60
base,8,22,3,3
base,8,23,3,3
base,8,24,5,5
base,8,25,5,5
base,8,26,8,8
base,9,1,83,83
base,9,2,124,124
base,9,3,180,180
base,9,4,40,40
base,9,5,213,213
base,9,6,91,91
base,9,7,143,143
base,9,8,136,136
base,9,9,412,293
base,9,10,100,100
base,9,11,38,38
base,9,12,26,26
base,9,13,12,12
base,9,14,13,13
base,9,15,3,3
base,9,16,1,1
base,9,17,29,29
base,9,18,14,14
base,9,19,82,82
base,9,20,28,28
base,9,21,138,138
base,9,22,3,3
base,9,23,4,4
base,9,24,1,1
base,9,25,8,8
base,9,26,10,10
base,10,1,45,45
base,10,2,77,77
base,10,3,69,69
base,10,4,27,27
base,10,5,154,154
base,10,6,58,58
base,10,7,115,115
base,10,8,92,92
base,10,9,95,95
base,10,10,127,98
base,10,11,37,37
base,10,12,20,20
base,10,13,12,12
base,10,14,8,8
base,10,15,9,9
base,10,16,1,1
base,10,17,30,30
base,10,18,4,4
base,10,19,84,84
base,10,20,23,23
base,10,21,46,46
base,10,22,1,1
base,10,23,2,2
base,10,24,5,5
base,10,25,10,10
base,10,26,2,2
base,11,1,54,54
base,11,2,40,40
base,11,3,34,34
base,11,4,16,16
base,11,5,160,160
base,11,6,33,33
base,11,7,106,106
base,11,8,32,32
base,11,9,44,44
base,11,10,31,31
base,11,11,188,126
base,11,12,81,81
base,11,13,45,45
base,11,14,34,34
base,11,15,28,28
base,11,16,13,13
base,11,17,25,25
base,11,18,13,13
base,11,19,78,78
base,11,20,17,17
base,11,21,22,22
base,11,22,7,7
base,11,23,13,13
base,11,24,16,16
base,11,26,12,12
base,12,1,35,35
base,12,2,45,45
base,12,3,37,37
base,12,4,14,14
base,12,5,96,96
base,12,6,40,40
base,12,7,102,102
base,12,8,33,33
base,12,9,23,23
base,12,10,33,33
base,12,11,94,94
base,12,12,76,55
base,12,13,21,21
base,12,14,16,16
base,12,15,17,17
base,12,16,9,9
base,12,17,16,16
base,12,18,13,13
base,12,19,43,43
base,12,20,14,14
base,12,21,18,18
base,12,22,6,6
base,12,23,10,10
base,12,24,7,7
base,12,25,1,1
base,12,26,3,3
base,13,1,29,29
base,13,2,20,20
base,13,3,13,13
base,13,4,9,9
base,13,5,48,48
base,13,6,27,27
base,13,7,52,52
base,13,8,19,19
base,13,9,16,16
base,13,10,16,16
base,13,11,48,48
base,13,12,24,24
base,13,13,22,14
base,13,14,15,15
base,13,15,10,10
base,13,16,6,6
base,13,17,9,9
base,13,18,4,4
base,13,19,15,15
base,13,20,1,1
base,13,21,2,2
base,13,22,6,6
base,13,23,5,5
base,13,24,3,3
base,13,25,2,2
base,13,26,4,4
base,14,1,21,21
base,14,2,6,6
base,14,3,14,14
base,14,4,11,11
base,14,5,72,72
base,14,6,10,10
base,14,7,58,58
base,14,8,16,16
base,14,9,12,12
base,14,10,6,6
base,14,11,34,34
base,14,12,23,23
base,14,13,22,22
base,14,14,423,246
base,14,15,67,67
base,14,16,58,58
base,14,17,15,15
base,14,18,13,13
base,14,19,13,13
base,14,20,8,8
base,14,21,3,3
base,14,22,34,34
base,14,23,61,61
base,14,24,5,5
base,14,26,6,6
base,15,1,9,9
base,15,2,5,5
base,15,3,5,5
base,15,4,8,8
base,15,5,60,60
base,15,6,8,8
base,15,7,22,22
base,15,8,9,9
base,15,9,4,4
base,15,10,9,9
base,15,11,27,27
base,15,12,14,14
base,15,13,6,6
base,15,14,67,67
base,15,15,109,72
base,15,16,53,53
base,15,17,19,19
base,15,18,21,21
base,15,19,15,15
base,15,20,11,11
base,15,21,3,3
base,15,22,9,9
base,15,23,85,85
base,15,24,10,10
base,15,25,1,1
base,15,26,1,1
base,16,1,5,5
base,16,2,6,6
base,16,3,3,3
base,16,4,3,3
base,16,5,25,25
base,16,6,2,2
base,16,7,12,12
base,16,8,7,7
base,16,9,3,3
base,16,11,17,17
base,16,12,10,10
base,16,13,7,7
base,16,14,50,50
base,16,15,49,49
base,16,16,151,93
base,16,17,7,7
base,16,18,13,13
base,16,19,12,12
base,16,20,3,3
base,16,21,2,2
base,16,22,8,8
base,16,23,45,45
base,16,24,4,4
base,16,25,1,1
base,16,26,5,5
base,17,1,18,18
base,17,2,15,15
base,17,3,12,12
base,17,4,4,4
base,17,5,19,19
base,17,6,48,48
base,17,7,40,40
base,17,8,26,26
base,17,9,29,29
base,17,10,33,33
base,17,11,19,19
base,17,12,16,16
base,17,13,8,8
base,17,14,17,17
base,17,15,15,15
base,17,16,9,9
base,17,17,136,80
base,17,18,46,46
base,17,19,60,60
base,17,20,37,37
base,17,21,14,14
base,17,23,38,38
base,17,24,41,41
base,17,25,2,2
base,17,26,4,4
base,18,1,7,7
base,18,2,4,4
base,18,3,5,5
base,18,4,6,6
base,18,5,17,17
base,18,6,32,32
base,18,7,30,30
base,18,8,7,7
base,18,9,14,14
base,18,10,5,5
base,18,11,19,19
base,18,12,12,12
base,18,13,4,4
base,18,14,9,9
base,18,15,25,25
base,18,16,11,11
base,18,17,49,49
base,18,18,108,60
base,18,19,18,18
base,18,20,9,9
base,18,21,4,4
base,18,22,1,1
base,18,23,30,30
base,18,24,26,26
base,18,25,1,1
base,18,26,3,3
base,19,1,46,46
base,19,2,75,75
base,19,3,74,74
base,19,4,23,23
base,19,5,121,121
base,19,6,99,99
base,19,7,152,152
base,19,8,78,78
base,19,9,83,83
base,19,10,97,97
base,19,11,66,66
base,19,12,49,49
base,19,13,21,21
base,19,14,11,11
base,19,15,17,17
base,19,16,12,12
base,19,17,60,60
base,19,18,18,18
base,19,19,345,222
base,19,20,38,38
base,19,21,64,64
base,19,22,2,2
base,19,23,16,16
base,19,24,20,20
base,19,25,14,14
base,19,26,6,6
base,20,1,9,9
base,20,2,14,14
base,20,3,20,20
base,20,4,4,4
base,20,5,34,34
base,20,6,31,31
base,20,7,40,40
base,20,8,12,12
base,20,9,31,31
base,20,10,21,21
base,20,11,13,13
base,20,12,12,12
base,20,13,1,1
base,20,14,6,6
base,20,15,13,13
base,20,16,1,1
base,20,17,40,40
base,20,18,9,9
base,20,19,49,49
base,20,20,50,32
base,20,21,21,21
base,20,23,13,13
base,20,24,13,13
base,20,25,4,4
base,21,1,45,45
base,21,2,88,88
base,21,3,114,114
base,21,4,32,32
base,21,5,97,97
base,21,6,35,35
base,21,7,48,48
base,21,8,52,52
base,21,9,151,151
base,21,10,48,48
base,21,11,20,20
base,21,12,13,13
base,21,13,7,7
base,21,14,5,5
base,21,15,6,6
base,21,16,1,1
base,21,17,10,10
base,21,18,6,6
base,21,19,62,62
base,21,20,18,18
base,21,21,211,148
base,21,22,2,2
base,21,23,3,3
base,21,24,2,2
base,21,25,11,11
base,21,26,3,3
base,22,1,11,11
base,22,2,2,2
base,22,3,3,3
base,22,4,4,4
base,22,5,17,17
base,22,6,15,15
base,22,7,13,13
base,22,8,10,10
base,22,9,3,3
base,22,10,5,5
base,22,11,9,9
base,22,12,7,7
base,22,13,6,6
base,22,14,29,29
base,22,15,8,8
base,22,16,5,5
base,22,18,2,2
base,22,19,1,1
base,22,21,1,1
base,22,22,86,58
base,22,23,10,10
base,22,24,1,1
base,22,26,3,3
base,23,1,13,13
base,23,2,15,15
base,23,3,3,3
base,23,4,13,13
base,23,5,46,46
base,23,6,14,14
base,23,7,10,10
base,23,8,8,8
base,23,9,5,5
base,23,10,8,8
base,23,11,9,9
base,23,12,9,9
base,23,13,7,7
base,23,14,56,56
base,23,15,64,64
base,23,16,24,24
base,23,17,9,9
base,23,18,24,24
base,23,19,15,15
base,23,20,7,7
base,23,21,3,3
base,23,22,9,9
base,23,23,60,39
base,23,24,4,4
base,23,25,1,1
base,23,26,2,2
base,24,1,6,6
base,24,2,5,5
base,24,3,1,1
base,24,4,6,6
base,24,5,28,28
base,24,6,29,29
base,24,7,13,13
base,24,8,12,12
base,24,9,6,6
base,24,10,12,12
base,24,11,14,14
base,24,12,7,7
base,24,14,10,10
base,24,15,11,11
base,24,16,8,8
base,24,17,42,42
base,24,18,31,31
base,24,19,18,18
base,24,20,16,16
base,24,21,2,2
base,24,22,2,2
base,24,23,5,5
base,24,24,19,13
base,25,1,3,3
base,25,2,5,5
base,25,3,7,7
base,25,4,2,2
base,25,5,36,36
base,25,6,11,11
base,25,7,16,16
base,25,8,5,5
base,25,9,10,10
base,25,10,7,7
base,25,11,2,2
base,25,12,2,2
base,25,13,2,2
base,25,14,2,2
base,25,16,2,2
base,25,17,1,1
base,25,18,1,1
base,25,19,10,10
base,25,20,4,4
base,25,21,11,11
base,25,25,2,2
base,25,26,1,1
base,26,-1,49,49
base,26,1,5,5
base,26,2,9,9
base,26,3,6,6
base,26,4,4,4
base,26,5,136,136
base,26,6,80,80
base,26,7,29,29
base,26,8,6,6
base,26,9,8,8
base,26,10,3,3
base,26,11,14,14
base,26,12,3,3
base,26,13,4,4
base,26,14,11,11
base,26,15,5,5
base,26,16,5,5
base,26,17,5,5
base,26,18,3,3
base,26,19,7,7
base,26,20,2,2
base,26,21,2,2
base,26,22,2,2
base,26,23,1,1
base,26,24,1,1
base,26,25,1,1
base,26,26,9,9
high,-1,1,13,13
high,-1,2,21,21
high,-1,3,16,16
high,-1,4,12,12
high,-1,5,49,49
high,-1,6,20,20
high,-1,7,15,15
high,-1,8,14,14
high,-1,9,8,8
high,-1,10,3,3
high,-1,11,13,13
high,-1,12,2,2
high,-1,13,2,2
high,-1,14,11,11
high,-1,15,1,1
high,-1,16,5,5
high,-1,17,1,1
high,-1,18,5,5
high,-1,19,4,4
high,-1,20,3,3
high,-1,21,1,1
high,-1,23,2,2
high,-1,24,2,2
high,-1,25,1,1
high,-1,26,7,7
high,1,-1,1,1
high,1,1,353,240
high,1,2,232,232
high,1,3,120,120
high,1,4,104,104
high,1,5,397,397
high,1,6,103,103
high,1,7,176,176
high,1,8,131,131
high,1,9,81,81
high,1,10,55,55
high,1,11,60,60
high,1,12,42,42
high,1,13,25,25
high,1,14,29,29
high,1,15,9,9
high,1,16,7,7
high,1,17,14,14
high,1,18,3,3
high,1,19,62,62
high,1,20,12,12
high,1,21,58,58
high,1,22,13,13
high,1,23,12,12
high,1,24,4,4
high,1,25,6,6
high,1,26,39,39
high,2,1,163,163
high,2,2,343,234
high,2,3,262,262
high,2,4,115,115
high,2,5,466,466
high,2,6,74,74
high,2,7,183,183
high,2,8,139,139
high,2,9,129,129
high,2,10,74,74
high,2,11,57,57
high,2,12,40,40
high,2,13,26,26
high,2,14,15,15
high,2,15,9,9
high,2,16,9,9
high,2,17,24,24
high,2,18,5,5
high,2,19,85,85
high,2,20,27,27
high,2,21,95,95
high,2,22,2,2
high,2,23,9,9
high,2,24,5,5
high,2,25,8,8
high,2,26,34,34
high,3,1,136,136
high,3,2,307,307
high,3,3,552,328
high,3,4,98,98
high,3,5,301,301
high,3,6,86,86
high,3,7,128,128
high,3,8,147,147
high,3,9,221,221
high,3,10,77,77
high,3,11,38,38
high,3,12,39,39
high,3,13,19,19
high,3,14,10,10
high,3,15,10,10
high,3,16,3,3
high,3,17,16,16
high,3,18,5,5
high,3,19,66,66
high,3,20,19,19
high,3,21,120,120
high,3,22,3,3
high,3,23,3,3
high,3,24,8,8
high,3,25,8,8
high,3,26,21,21
high,4,1,106,106
high,4,2,147,147
high,4,3,89,89
high,4,4,179,107
high,4,5,184,184
high,4,6,40,40
high,4,7,77,77
high,4,8,51,51
high,4,9,51,51
high,4,10,30,30
high,4,11,20,20
high,4,12,24,24
high,4,13,8,8
high,4,14,15,15
high,4,15,10,10
high,4,16,3,3
high,4,17,3,3
high,4,18,4,4
high,4,19,26,26
high,4,20,4,4
high,4,21,33,33
high,4,22,5,5
high,4,23,7,7
high,4,24,2,2
high,4,25,3,3
high,5,-1,1,1
high,5,1,435,435
high,5,2,316,316
high,5,3,283,283
high,5,4,146,146
high,5,5,2887,2156
high,5,6,311,311
high,5,7,362,362
high,5,8,251,251
high,5,9,195,195
high,5,10,127,127
high,5,11,131,131
high,5,12,96,96
high,5,13,54,54
high,5,14,61,61
high,5,15,59,59
high,5,16,32,32
high,5,17,66,66
high,5,18,38,38
high,5,19,138,138
high,5,20,45,45
high,5,21,92,92
high,5,22,17,17
high,5,23,26,26
high,5,24,25,25
high,5,25,38,38
high,5,26,366,366
high,6,-1,5,5
high,6,1,109,109
high,6,2,94,94
high,6,3,129,129
high,6,4,59,59
high,6,5,446,446
high,6,6,309,249
high,6,7,197,197
high,6,8,144,144
high,6,9,106,106
high,6,10,80,80
high,6,11,72,72
high,6,12,73,73
high,6,13,41,41
high,6,14,18,18
high,6,15,15,15
high,6,16,8,8
high,6,17,36,36
high,6,18,36,36
high,6,19,133,133
high,6,20,35,35
high,6,21,42,42
high,6,22,22,22
high,6,23,10,10
high,6,24,14,14
high,6,25,5,5
high,6,26,124,124
high,7,1,132,132
high,7,2,103,103
high,7,3,105,105
high,7,4,68,68
high,7,5,562,562
high,7,6,515,515
high,7,7,370,276
high,7,8,132,132
high,7,9,142,142
high,7,10,111,111
high,7,11,71,71
high,7,12,81,81
high,7,13,43,43
high,7,14,57,57
high,7,15,17,17
high,7,16,9,9
high,7,17,25,25
high,7,18,11,11
high,7,19,123,123
high,7,20,25,25
high,7,21,61,61
high,7,22,6,6
high,7,23,10,10
high,7,24,10,10
high,7,25,6,6
high,7,26,108,108
high,8,1,115,115
high,8,2,153,153
high,8,3,139,139
high,8,4,52,52
high,8,5,309,309
high,8,6,122,122
high,8,7,195,195
high,8,8,247,167
high,8,9,123,123
high,8,10,84,84
high,8,11,47,47
high,8,12,42,42
high,8,13,26,26
high,8,14,19,19
high,8,15,7,7
high,8,16,5,5
high,8,17,32,32
high,8,18,7,7
high,8,19,89,89
high,8,20,17,17
high,8,21,64,64
high,8,22,3,3
high,8,23,4,4
high,8,24,7,7
high,8,25,5,5
high,8,26,9,9
high,9,1,92,92
high,9,2,135,135
high,9,3,202,202
high,9,4,44,44
high,9,5,235,235
high,9,6,99,99
high,9,7,158,158
high,9,8,148,148
high,9,9,452,320
high,9,10,107,107
high,9,11,45,45
high,9,12,29,29
high,9,13,14,14
high,9,14,13,13
high,9,15,5,5
high,9,16,1,1
high,9,17,36,36
high,9,18,13,13
high,9,19,97,97
high,9,20,34,34
high,9,21,149,149
high,9,22,4,4
high,9,23,4,4
high,9,24,2,2
high,9,25,8,8
high,9,26,12,12
high,10,1,53,53
high,10,2,81,81
high,10,3,77,77
high,10,4,31,31
high,10,5,184,184
high,10,6,62,62
high,10,7,134,134
high,10,8,99,99
high,10,9,98,98
high,10,10,139,105
high,10,11,37,37
high,10,12,24,24
high,10,13,12,12
high,10,14,8,8
high,10,15,12,12
high,10,16,1,1
high,10,17,32,32
high,10,18,4,4
high,10,19,88,88
high,10,20,24,24
high,10,21,49,49
high,10,22,1,1
high,10,23,2,2
high,10,24,4,4
high,10,25,11,11
high,10,26,2,2
high,11,1,59,59
high,11,2,48,48
high,11,3,38,38
high,11,4,17,17
high,11,5,178,178
high,11,6,39,39
high,11,7,120,120
high,11,8,36,36
high,11,9,47,47
high,11,10,31,31
high,11,11,202,133
high,11,12,91,91
high,11,13,55,55
high,11,14,39,39
high,11,15,31,31
high,11,16,15,15
high,11,17,31,31
high,11,18,15,15
high,11,19,85,85
high,11,20,17,17
high,11,21,24,24
high,11,22,9,9
high,11,23,15,15
high,11,24,16,16
high,11,26,16,16
high,12,1,38,38
high,12,2,46,46
high,12,3,46,46
high,12,4,19,19
high,12,5,103,103
high,12,6,42,42
high,12,7,111,111
high,12,8,37,37
high,12,9,26,26
high,12,10,38,38
high,12,11,102,102
high,12,12,92,63
high,12,13,24,24
high,12,14,20,20
high,12,15,18,18
high,12,16,10,10
high,12,17,19,19
high,12,18,14,14
high,12,19,49,49
high,12,20,16,16
high,12,21,19,19
high,12,22,6,6
high,12,23,9,9
high,12,24,10,10
high,12,25,1,1
high,12,26,3,3
high,13,1,31,31
high,13,2,24,24
high,13,3,18,18
high,13,4,8,8
high,13,5,57,57
high,13,6,33,33
high,13,7,59,59
high,13,8,20,20
high,13,9,18,18
high,13,10,18,18
high,13,11,61,61
high,13,12,26,26
high,13,13,25,16
high,13,14,17,17
high,13,15,13,13
high,13,16,7,7
high,13,17,15,15
high,13,18,4,4
high,13,19,16,16
high,13,20,1,1
high,13,21,2,2
high,13,22,6,6
high,13,23,4,4
high,13,24,3,3
high,13,25,2,2
high,13,26,4,4
high,14,1,27,27
high,14,2,8,8
high,14,3,16,16
high,14,4,13,13
high,14,5,79,79
high,14,6,11,11
high,14,7,67,67
high,14,8,17,17
high,14,9,12,12
high,14,10,6,6
high,14,11,38,38
high,14,12,27,27
high,14,13,24,24
high,14,14,490,285
high,14,15,71,71
high,14,16,66,66
high,14,17,17,17
high,14,18,14,14
high,14,19,14,14
high,14,20,8,8
high,14,21,4,4
high,14,22,35,35
high,14,23,71,71
high,14,24,5,5
high,14,26,7,7
high,15,1,10,10
high,15,2,5,5
high,15,3,8,8
high,15,4,8,8
high,15,5,70,70
high,15,6,8,8
high,15,7,25,25
high,15,8,11,11
high,15,9,6,6
high,15,10,11,11
high,15,11,29,29
high,15,12,15,15
high,15,13,10,10
high,15,14,73,73
high,15,15,125,80
high,15,16,60,60
high,15,17,19,19
high,15,18,24,24
high,15,19,20,20
high,15,20,10,10
high,15,21,5,5
high,15,22,10,10
high,15,23,95,95
high,15,24,11,11
high,15,25,1,1
high,15,26,1,1
high,16,1,5,5
high,16,2,7,7
high,16,3,4,4
high,16,4,3,3
high,16,5,31,31
high,16,6,3,3
high,16,7,12,12
high,16,8,7,7
high,16,9,3,3
high,16,10,1,1
high,16,11,18,18
high,16,12,11,11
high,16,13,8,8
high,16,14,60,60
high,16,15,56,56
high,16,16,170,105
high,16,17,7,7
high,16,18,14,14
high,16,19,12,12
high,16,20,3,3
high,16,21,2,2
high,16,22,8,8
high,16,23,55,55
high,16,24,4,4
high,16,25,1,1
high,16,26,5,5
high,17,1,21,21
high,17,2,15,15
high,17,3,16,16
high,17,4,4,4
high,17,5,22,22
high,17,6,55,55
high,17,7,50,50
high,17,8,29,29
high,17,9,37,37
high,17,10,35,35
high,17,11,26,26
high,17,12,18,18
high,17,13,14,14
high,17,14,18,18
high,17,15,15,15
high,17,16,11,11
high,17,17,158,91
high,17,18,52,52
high,17,19,66,66
high,17,20,42,42
high,17,21,16,16
high,17,23,41,41
high,17,24,43,43
high,17,25,2,2
high,17,26,3,3
high,18,1,8,8
high,18,2,4,4
high,18,3,5,5
high,18,4,6,6
high,18,5,18,18
high,18,6,37,37
high,18,7,38,38
high,18,8,6,6
high,18,9,13,13
high,18,10,5,5
high,18,11,20,20
high,18,12,13,13
high,18,13,4,4
high,18,14,8,8
high,18,15,29,29
high,18,16,13,13
high,18,17,57,57
high,18,18,120,66
high,18,19,21,21
high,18,20,13,13
high,18,21,4,4
high,18,22,2,2
high,18,23,32,32
high,18,24,26,26
high,18,25,1,1
high,18,26,3,3
high,19,1,52,52
high,19,2,79,79
high,19,3,84,84
high,19,4,25,25
high,19,5,137,137
high,19,6,100,100
high,19,7,172,172
high,19,8,90,90
high,19,9,99,99
high,19,10,104,104
high,19,11,71,71
high,19,12,53,53
high,19,13,22,22
high,19,14,12,12
high,19,15,22,22
high,19,16,12,12
high,19,17,67,67
high,19,18,21,21
high,19,19,385,245
high,19,20,44,44
high,19,21,73,73
high,19,22,3,3
high,19,23,19,19
high,19,24,20,20
high,19,25,16,16
high,19,26,6,6
high,20,1,10,10
high,20,2,17,17
high,20,3,21,21
high,20,4,5,5
high,20,5,36,36
high,20,6,40,40
high,20,7,42,42
high,20,8,16,16
high,20,9,34,34
high,20,10,22,22
high,20,11,14,14
high,20,12,14,14
high,20,13,2,2
high,20,14,6,6
high,20,15,12,12
high,20,16,1,1
high,20,17,45,45
high,20,18,13,13
high,20,19,55,55
high,20,20,63,39
high,20,21,24,24
high,20,23,12,12
high,20,24,13,13
high,20,25,5,5
high,21,1,48,48
high,21,2,93,93
high,21,3,128,128
high,21,4,37,37
high,21,5,109,109
high,21,6,39,39
high,21,7,54,54
high,21,8,55,55
high,21,9,165,165
high,21,10,53,53
high,21,11,22,22
high,21,12,14,14
high,21,13,7,7
high,21,14,6,6
high,21,15,9,9
high,21,16,1,1
high,21,17,12,12
high,21,18,6,6
high,21,19,72,72
high,21,20,21,21
high,21,21,225,158
high,21,22,3,3
high,21,23,3,3
high,21,24,2,2
high,21,25,13,13
high,21,26,2,2
high,22,1,12,12
high,22,2,3,3
high,22,3,3,3
high,22,4,4,4
high,22,5,17,17
high,22,6,18,18
high,22,7,14,14
high,22,8,11,11
high,22,9,4,4
high,22,10,5,5
high,22,11,9,9
high,22,12,7,7
high,22,13,7,7
high,22,14,30,30
high,22,15,9,9
high,22,16,5,5
high,22,18,3,3
high,22,19,2,2
high,22,21,1,1
high,22,22,96,64
high,22,23,9,9
high,22,24,3,3
high,22,26,3,3
high,23,1,34,34
high,23,2,35,35
high,23,3,18,18
high,23,4,19,19
high,23,5,78,78
high,23,6,25,25
high,23,7,21,21
high,23,8,22,22
high,23,9,13,13
high,23,10,13,13
high,23,11,14,14
high,23,12,13,13
high,23,13,9,9
high,23,14,66,66
high,23,15,78,78
high,23,16,35,35
high,23,17,13,13
high,23,18,29,29
high,23,19,24,24
high,23,20,6,6
high,23,21,9,9
high,23,22,10,10
high,23,23,68,44
high,23,24,4,4
high,23,25,3,3
high,23,26,10,10
high,24,1,21,21
high,24,2,30,30
high,24,3,13,13
high,24,4,12,12
high,24,5,59,59
high,24,6,39,39
high,24,7,24,24
high,24,8,25,25
high,24,9,10,10
high,24,10,16,16
high,24,11,20,20
high,24,12,14,14
high,24,13,4,4
high,24,14,14,14
high,24,15,12,12
high,24,16,9,9
high,24,17,47,47
high,24,18,32,32
high,24,19,22,22
high,24,20,19,19
high,24,21,7,7
high,24,22,4,4
high,24,23,6,6
high,24,24,24,16
high,24,25,6,6
high,24,26,11,11
high,25,1,3,3
high,25,2,6,6
high,25,3,9,9
high,25,4,2,2
high,25,5,42,42
high,25,6,13,13
high,25,7,17,17
high,25,8,5,5
high,25,9,12,12
high,25,10,7,7
high,25,11,2,2
high,25,12,3,3
high,25,13,2,2
high,25,14,2,2
high,25,16,2,2
high,25,17,1,1
high,25,18,1,1
high,25,19,10,10
high,25,20,4,4
high,25,21,12,12
high,25,25,2,2
high,26,-1,60,60
high,26,1,43,43
high,26,2,57,57
high,26,3,25,25
high,26,4,21,21
high,26,5,222,222
high,26,6,105,105
high,26,7,72,72
high,26,8,36,36
high,26,9,32,32
high,26,10,16,16
high,26,11,32,32
high,26,12,10,10
high,26,13,11,11
high,26,14,21,21
high,26,15,13,13
high,26,16,12,12
high,26,17,11,11
high,26,18,8,8
high,26,19,31,31
high,26,20,11,11
high,26,21,10,10
high,26,22,8,8
high,26,23,7,7
high,26,24,6,6
high,26,25,11,11
high,26,26,38,38
