matsim_stop_facility_id,official_stop_id,official_stop_name,gtfs_stop_id,in_ferry_facilities,in_gtfs,in_ferry_json,matsim_route_count,candidate_count,candidate_cardinality,mapping_status,mapping_quality,matching_method,evidence,unresolved_reason
ferry_stop_ferry_7000003_1911228024_00,101113,Tuen Mun Ferry Pier (Berth D) (outside Pierhead Garden),101113,True,True,True,1,1,one,exact,A,explicit_ferry_stop_facilities_stop_id,"{""facility_stop_id"":""101113"",""gtfs_stop_id_exact"":true,""json_stop_id_exact"":true}",
ferry_stop_ferry_7000003_1911228024_01,101114,Eastern berth of Tung Chung Development Pier,101114,True,True,True,1,1,one,exact,A,explicit_ferry_stop_facilities_stop_id,"{""facility_stop_id"":""101114"",""gtfs_stop_id_exact"":true,""json_stop_id_exact"":true}",
ferry_stop_ferry_7000003_df79e09f46_00,101114,Eastern berth of Tung Chung Development Pier,101114,True,True,True,1,1,one,exact,A,explicit_ferry_stop_facilities_stop_id,"{""facility_stop_id"":""101114"",""gtfs_stop_id_exact"":true,""json_stop_id_exact"":true}",
ferry_stop_ferry_7000003_df79e09f46_01,101113,Tuen Mun Ferry Pier (Berth D) (outside Pierhead Garden),101113,True,True,True,1,1,one,exact,A,explicit_ferry_stop_facilities_stop_id,"{""facility_stop_id"":""101113"",""gtfs_stop_id_exact"":true,""json_stop_id_exact"":true}",
ferry_stop_ferry_7000023_125ab37000_00,80000019,"Pontoon at Discovery Bay North, Lantau Island",80000019,True,True,True,1,1,one,exact,A,explicit_ferry_stop_facilities_stop_id,"{""facility_stop_id"":""80000019"",""gtfs_stop_id_exact"":true,""json_stop_id_exact"":true}",
ferry_stop_ferry_7000023_125ab37000_01,101127,"Discovery Bay Ferry Pier at Plaza Lane, Discovery Bay, Lantau Island",101127,True,True,True,1,1,one,exact,A,explicit_ferry_stop_facilities_stop_id,"{""facility_stop_id"":""101127"",""gtfs_stop_id_exact"":true,""json_stop_id_exact"":true}",
ferry_stop_ferry_7000023_125ab37000_02,101337,Central Pier No. 3 at Man Kwong Street,101337,True,True,True,1,1,one,exact,A,explicit_ferry_stop_facilities_stop_id,"{""facility_stop_id"":""101337"",""gtfs_stop_id_exact"":true,""json_stop_id_exact"":true}",
ferry_stop_ferry_7000023_7f1ec10dea_00,101337,Central Pier No. 3 at Man Kwong Street,101337,True,True,True,1,1,one,exact,A,explicit_ferry_stop_facilities_stop_id,"{""facility_stop_id"":""101337"",""gtfs_stop_id_exact"":true,""json_stop_id_exact"":true}",
ferry_stop_ferry_7000023_7f1ec10dea_01,101127,"Discovery Bay Ferry Pier at Plaza Lane, Discovery Bay, Lantau Island",101127,True,True,True,1,1,one,exact,A,explicit_ferry_stop_facilities_stop_id,"{""facility_stop_id"":""101127"",""gtfs_stop_id_exact"":true,""json_stop_id_exact"":true}",
ferry_stop_ferry_7000023_7f1ec10dea_02,80000019,"Pontoon at Discovery Bay North, Lantau Island",80000019,True,True,True,1,1,one,exact,A,explicit_ferry_stop_facilities_stop_id,"{""facility_stop_id"":""80000019"",""gtfs_stop_id_exact"":true,""json_stop_id_exact"":true}",
ferry_stop_ferry_7000037_2a0259cc3f_00,80000003,Central Pier No. 9,80000003,True,True,False,1,1,one,partial_source_coverage,B,explicit_ferry_stop_facilities_stop_id,"{""facility_stop_id"":""80000003"",""gtfs_stop_id_exact"":true,""json_stop_id_exact"":false}",official_stop_absent_from_ferry_json
ferry_stop_ferry_7000037_2a0259cc3f_01,80000025,WestK Quay (i.e. waterfront outside M+),80000025,True,True,False,1,1,one,partial_source_coverage,B,explicit_ferry_stop_facilities_stop_id,"{""facility_stop_id"":""80000025"",""gtfs_stop_id_exact"":true,""json_stop_id_exact"":false}",official_stop_absent_from_ferry_json
ferry_stop_ferry_7000037_cca44a1ad0_00,80000025,WestK Quay (i.e. waterfront outside M+),80000025,True,True,False,1,1,one,partial_source_coverage,B,explicit_ferry_stop_facilities_stop_id,"{""facility_stop_id"":""80000025"",""gtfs_stop_id_exact"":true,""json_stop_id_exact"":false}",official_stop_absent_from_ferry_json
ferry_stop_ferry_7000037_cca44a1ad0_01,80000003,Central Pier No. 9,80000003,True,True,False,1,1,one,partial_source_coverage,B,explicit_ferry_stop_facilities_stop_id,"{""facility_stop_id"":""80000003"",""gtfs_stop_id_exact"":true,""json_stop_id_exact"":false}",official_stop_absent_from_ferry_json
ferry_stop_ferry_7000038_a831b0dd3b_00,80000002,Tsim Sha Tsui Landing No.1 (i.e. waterfront outside the Avenue of Stars in Tsim Sha Tsui East),80000002,True,True,False,1,1,one,partial_source_coverage,B,explicit_ferry_stop_facilities_stop_id,"{""facility_stop_id"":""80000002"",""gtfs_stop_id_exact"":true,""json_stop_id_exact"":false}",official_stop_absent_from_ferry_json
ferry_stop_ferry_7000038_a831b0dd3b_01,80000025,WestK Quay (i.e. waterfront outside M+),80000025,True,True,False,1,1,one,partial_source_coverage,B,explicit_ferry_stop_facilities_stop_id,"{""facility_stop_id"":""80000025"",""gtfs_stop_id_exact"":true,""json_stop_id_exact"":false}",official_stop_absent_from_ferry_json
ferry_stop_ferry_7000039_2a94f9877e_00,80000025,WestK Quay (i.e. waterfront outside M+),80000025,True,True,False,1,1,one,partial_source_coverage,B,explicit_ferry_stop_facilities_stop_id,"{""facility_stop_id"":""80000025"",""gtfs_stop_id_exact"":true,""json_stop_id_exact"":false}",official_stop_absent_from_ferry_json
ferry_stop_ferry_7000039_2a94f9877e_01,80000002,Tsim Sha Tsui Landing No.1 (i.e. waterfront outside the Avenue of Stars in Tsim Sha Tsui East),80000002,True,True,False,1,1,one,partial_source_coverage,B,explicit_ferry_stop_facilities_stop_id,"{""facility_stop_id"":""80000002"",""gtfs_stop_id_exact"":true,""json_stop_id_exact"":false}",official_stop_absent_from_ferry_json
ferry_stop_ferry_7000039_2a94f9877e_02,80000015,Hong Kong Convention & Exhibition Centre Landing (i.e. waterfront outside the Golden Bauhinia Square),80000015,True,True,False,1,1,one,partial_source_coverage,B,explicit_ferry_stop_facilities_stop_id,"{""facility_stop_id"":""80000015"",""gtfs_stop_id_exact"":true,""json_stop_id_exact"":false}",official_stop_absent_from_ferry_json
ferry_stop_ferry_7000039_2a94f9877e_03,80000003,Central Pier No. 9,80000003,True,True,False,1,1,one,partial_source_coverage,B,explicit_ferry_stop_facilities_stop_id,"{""facility_stop_id"":""80000003"",""gtfs_stop_id_exact"":true,""json_stop_id_exact"":false}",official_stop_absent_from_ferry_json
ferry_stop_ferry_7000040_86521027fc_00,80000003,Central Pier No. 9,80000003,True,True,False,1,1,one,partial_source_coverage,B,explicit_ferry_stop_facilities_stop_id,"{""facility_stop_id"":""80000003"",""gtfs_stop_id_exact"":true,""json_stop_id_exact"":false}",official_stop_absent_from_ferry_json
ferry_stop_ferry_7000040_86521027fc_01,80000015,Hong Kong Convention & Exhibition Centre Landing (i.e. waterfront outside the Golden Bauhinia Square),80000015,True,True,False,1,1,one,partial_source_coverage,B,explicit_ferry_stop_facilities_stop_id,"{""facility_stop_id"":""80000015"",""gtfs_stop_id_exact"":true,""json_stop_id_exact"":false}",official_stop_absent_from_ferry_json
ferry_stop_ferry_7000040_86521027fc_02,80000002,Tsim Sha Tsui Landing No.1 (i.e. waterfront outside the Avenue of Stars in Tsim Sha Tsui East),80000002,True,True,False,1,1,one,partial_source_coverage,B,explicit_ferry_stop_facilities_stop_id,"{""facility_stop_id"":""80000002"",""gtfs_stop_id_exact"":true,""json_stop_id_exact"":false}",official_stop_absent_from_ferry_json
ferry_stop_ferry_7006_177d80ab26_00,101108,Central Pier No. 6 at Man Kwong Street(Western Berth)|Central Pier No. 6 at Man Kwong Street(Eastern Berth),101108,True,True,True,1,1,one,exact,A,explicit_ferry_stop_facilities_stop_id,"{""facility_stop_id"":""101108"",""gtfs_stop_id_exact"":true,""json_stop_id_exact"":true}",
ferry_stop_ferry_7006_177d80ab26_01,101107,"Mui Wo Ferry Pier at Mui Wo Ferry Pier Road, Lantau Island",101107,True,True,True,1,1,one,exact,A,explicit_ferry_stop_facilities_stop_id,"{""facility_stop_id"":""101107"",""gtfs_stop_id_exact"":true,""json_stop_id_exact"":true}",
ferry_stop_ferry_7006_594c0a18b0_00,101107,"Mui Wo Ferry Pier at Mui Wo Ferry Pier Road, Lantau Island",101107,True,True,True,1,1,one,exact,A,explicit_ferry_stop_facilities_stop_id,"{""facility_stop_id"":""101107"",""gtfs_stop_id_exact"":true,""json_stop_id_exact"":true}",
ferry_stop_ferry_7006_594c0a18b0_01,101108,Central Pier No. 6 at Man Kwong Street(Western Berth)|Central Pier No. 6 at Man Kwong Street(Eastern Berth),101108,True,True,True,1,1,one,exact,A,explicit_ferry_stop_facilities_stop_id,"{""facility_stop_id"":""101108"",""gtfs_stop_id_exact"":true,""json_stop_id_exact"":true}",
ferry_stop_ferry_7010_114138a3d0_00,101127,"Discovery Bay Ferry Pier at Plaza Lane, Discovery Bay, Lantau Island",101127,True,True,True,1,1,one,exact,A,explicit_ferry_stop_facilities_stop_id,"{""facility_stop_id"":""101127"",""gtfs_stop_id_exact"":true,""json_stop_id_exact"":true}",
ferry_stop_ferry_7010_114138a3d0_01,101337,Central Pier No. 3 at Man Kwong Street,101337,True,True,True,1,1,one,exact,A,explicit_ferry_stop_facilities_stop_id,"{""facility_stop_id"":""101337"",""gtfs_stop_id_exact"":true,""json_stop_id_exact"":true}",
ferry_stop_ferry_7010_241d0e6607_00,101337,Central Pier No. 3 at Man Kwong Street,101337,True,True,True,1,1,one,exact,A,explicit_ferry_stop_facilities_stop_id,"{""facility_stop_id"":""101337"",""gtfs_stop_id_exact"":true,""json_stop_id_exact"":true}",
ferry_stop_ferry_7010_241d0e6607_01,101127,"Discovery Bay Ferry Pier at Plaza Lane, Discovery Bay, Lantau Island",101127,True,True,True,1,1,one,exact,A,explicit_ferry_stop_facilities_stop_id,"{""facility_stop_id"":""101127"",""gtfs_stop_id_exact"":true,""json_stop_id_exact"":true}",
ferry_stop_ferry_7017_6cc4882382_00,101103,Park Island Ferry Pier at Pak Lai Road,101103,True,True,True,1,1,one,exact,A,explicit_ferry_stop_facilities_stop_id,"{""facility_stop_id"":""101103"",""gtfs_stop_id_exact"":true,""json_stop_id_exact"":true}",
ferry_stop_ferry_7017_6cc4882382_01,101104,Central Pier No. 2 at Man Kwong Street,101104,True,True,True,1,1,one,exact,A,explicit_ferry_stop_facilities_stop_id,"{""facility_stop_id"":""101104"",""gtfs_stop_id_exact"":true,""json_stop_id_exact"":true}",
ferry_stop_ferry_7017_ae428b07dc_00,101104,Central Pier No. 2 at Man Kwong Street,101104,True,True,True,1,1,one,exact,A,explicit_ferry_stop_facilities_stop_id,"{""facility_stop_id"":""101104"",""gtfs_stop_id_exact"":true,""json_stop_id_exact"":true}",
ferry_stop_ferry_7017_ae428b07dc_01,101103,Park Island Ferry Pier at Pak Lai Road,101103,True,True,True,1,1,one,exact,A,explicit_ferry_stop_facilities_stop_id,"{""facility_stop_id"":""101103"",""gtfs_stop_id_exact"":true,""json_stop_id_exact"":true}",
ferry_stop_ferry_7018_3ed79bae83_00,101103,Park Island Ferry Pier at Pak Lai Road,101103,True,True,True,1,1,one,exact,A,explicit_ferry_stop_facilities_stop_id,"{""facility_stop_id"":""101103"",""gtfs_stop_id_exact"":true,""json_stop_id_exact"":true}",
ferry_stop_ferry_7018_3ed79bae83_01,101105,Tsuen Wan Ferry Pier at Tsuen Wan,101105,True,True,True,1,1,one,exact,A,explicit_ferry_stop_facilities_stop_id,"{""facility_stop_id"":""101105"",""gtfs_stop_id_exact"":true,""json_stop_id_exact"":true}",
ferry_stop_ferry_7018_9a42f441bb_00,101105,Tsuen Wan Ferry Pier at Tsuen Wan,101105,True,True,True,1,1,one,exact,A,explicit_ferry_stop_facilities_stop_id,"{""facility_stop_id"":""101105"",""gtfs_stop_id_exact"":true,""json_stop_id_exact"":true}",
ferry_stop_ferry_7018_9a42f441bb_01,101103,Park Island Ferry Pier at Pak Lai Road,101103,True,True,True,1,1,one,exact,A,explicit_ferry_stop_facilities_stop_id,"{""facility_stop_id"":""101103"",""gtfs_stop_id_exact"":true,""json_stop_id_exact"":true}",
ferry_stop_ferry_7019_b148016210_00,101111,Hung Hom (North) Ferry Pier at Wa Shun Street,101111,True,True,True,1,1,one,exact,A,explicit_ferry_stop_facilities_stop_id,"{""facility_stop_id"":""101111"",""gtfs_stop_id_exact"":true,""json_stop_id_exact"":true}",
ferry_stop_ferry_7019_b148016210_01,101110,North Point (West) Ferry Pier (near North Point Promenade),101110,True,True,True,1,1,one,exact,A,explicit_ferry_stop_facilities_stop_id,"{""facility_stop_id"":""101110"",""gtfs_stop_id_exact"":true,""json_stop_id_exact"":true}",
ferry_stop_ferry_7019_e22d2b1e47_00,101110,North Point (West) Ferry Pier (near North Point Promenade),101110,True,True,True,1,1,one,exact,A,explicit_ferry_stop_facilities_stop_id,"{""facility_stop_id"":""101110"",""gtfs_stop_id_exact"":true,""json_stop_id_exact"":true}",
ferry_stop_ferry_7019_e22d2b1e47_01,101111,Hung Hom (North) Ferry Pier at Wa Shun Street,101111,True,True,True,1,1,one,exact,A,explicit_ferry_stop_facilities_stop_id,"{""facility_stop_id"":""101111"",""gtfs_stop_id_exact"":true,""json_stop_id_exact"":true}",
ferry_stop_ferry_7020_8fb3659e7d_00,101110,North Point (West) Ferry Pier (near North Point Promenade),101110,True,True,True,1,1,one,exact,A,explicit_ferry_stop_facilities_stop_id,"{""facility_stop_id"":""101110"",""gtfs_stop_id_exact"":true,""json_stop_id_exact"":true}",
ferry_stop_ferry_7020_8fb3659e7d_01,101112,Kowloon City Ferry Pier at San Ma Tau Street,101112,True,True,True,1,1,one,exact,A,explicit_ferry_stop_facilities_stop_id,"{""facility_stop_id"":""101112"",""gtfs_stop_id_exact"":true,""json_stop_id_exact"":true}",
ferry_stop_ferry_7020_a93ef4f400_00,101112,Kowloon City Ferry Pier at San Ma Tau Street,101112,True,True,True,1,1,one,exact,A,explicit_ferry_stop_facilities_stop_id,"{""facility_stop_id"":""101112"",""gtfs_stop_id_exact"":true,""json_stop_id_exact"":true}",
ferry_stop_ferry_7020_a93ef4f400_01,101110,North Point (West) Ferry Pier (near North Point Promenade),101110,True,True,True,1,1,one,exact,A,explicit_ferry_stop_facilities_stop_id,"{""facility_stop_id"":""101110"",""gtfs_stop_id_exact"":true,""json_stop_id_exact"":true}",
ferry_stop_ferry_7022_4b93a86e1f_00,101321,Sai Wan Ho Ferry Pier at Tai Hong Street,101321,True,True,True,1,1,one,exact,A,explicit_ferry_stop_facilities_stop_id,"{""facility_stop_id"":""101321"",""gtfs_stop_id_exact"":true,""json_stop_id_exact"":true}",
ferry_stop_ferry_7022_4b93a86e1f_01,101320,Kwun Tong Ferry Pier at Wing Yip Street|Kwun Tong Ferry Pier at Wing Yip Street (Eastern Berth),101320,True,True,True,1,1,one,exact,A,explicit_ferry_stop_facilities_stop_id,"{""facility_stop_id"":""101320"",""gtfs_stop_id_exact"":true,""json_stop_id_exact"":true}",
ferry_stop_ferry_7022_c7439f8927_00,101320,Kwun Tong Ferry Pier at Wing Yip Street|Kwun Tong Ferry Pier at Wing Yip Street (Eastern Berth),101320,True,True,True,1,1,one,exact,A,explicit_ferry_stop_facilities_stop_id,"{""facility_stop_id"":""101320"",""gtfs_stop_id_exact"":true,""json_stop_id_exact"":true}",
ferry_stop_ferry_7022_c7439f8927_01,101321,Sai Wan Ho Ferry Pier at Tai Hong Street,101321,True,True,True,1,1,one,exact,A,explicit_ferry_stop_facilities_stop_id,"{""facility_stop_id"":""101321"",""gtfs_stop_id_exact"":true,""json_stop_id_exact"":true}",
ferry_stop_ferry_7023_3c10fa845b_00,101321,Sai Wan Ho Ferry Pier at Tai Hong Street,101321,True,True,True,1,1,one,exact,A,explicit_ferry_stop_facilities_stop_id,"{""facility_stop_id"":""101321"",""gtfs_stop_id_exact"":true,""json_stop_id_exact"":true}",
ferry_stop_ferry_7023_3c10fa845b_01,101322,Sam Ka Tsuen Ferry Pier at Shung Shun Street|Sam Ka Tsuen Ferry Pier,101322,True,True,True,1,1,one,exact,A,explicit_ferry_stop_facilities_stop_id,"{""facility_stop_id"":""101322"",""gtfs_stop_id_exact"":true,""json_stop_id_exact"":true}",
ferry_stop_ferry_7023_82c4fc4c88_00,101322,Sam Ka Tsuen Ferry Pier at Shung Shun Street|Sam Ka Tsuen Ferry Pier,101322,True,True,True,1,1,one,exact,A,explicit_ferry_stop_facilities_stop_id,"{""facility_stop_id"":""101322"",""gtfs_stop_id_exact"":true,""json_stop_id_exact"":true}",
ferry_stop_ferry_7023_82c4fc4c88_01,101321,Sai Wan Ho Ferry Pier at Tai Hong Street,101321,True,True,True,1,1,one,exact,A,explicit_ferry_stop_facilities_stop_id,"{""facility_stop_id"":""101321"",""gtfs_stop_id_exact"":true,""json_stop_id_exact"":true}",
ferry_stop_ferry_7025_1f7df70f69_00,101113,Tuen Mun Ferry Pier (Berth D) (outside Pierhead Garden),101113,True,True,True,1,1,one,exact,A,explicit_ferry_stop_facilities_stop_id,"{""facility_stop_id"":""101113"",""gtfs_stop_id_exact"":true,""json_stop_id_exact"":true}",
ferry_stop_ferry_7025_1f7df70f69_01,101114,Eastern berth of Tung Chung Development Pier,101114,True,True,True,1,1,one,exact,A,explicit_ferry_stop_facilities_stop_id,"{""facility_stop_id"":""101114"",""gtfs_stop_id_exact"":true,""json_stop_id_exact"":true}",
ferry_stop_ferry_7025_1f7df70f69_02,101117,"Sha Lo Wan Pier, Lantau Island",101117,True,True,True,1,1,one,exact,A,explicit_ferry_stop_facilities_stop_id,"{""facility_stop_id"":""101117"",""gtfs_stop_id_exact"":true,""json_stop_id_exact"":true}",
ferry_stop_ferry_7025_1f7df70f69_03,101120,"Tai O Promenade Landing Steps, Tai O Promenade, Lantau Island",101120,True,True,True,1,1,one,exact,A,explicit_ferry_stop_facilities_stop_id,"{""facility_stop_id"":""101120"",""gtfs_stop_id_exact"":true,""json_stop_id_exact"":true}",
ferry_stop_ferry_7025_a84f20059d_00,101120,"Tai O Promenade Landing Steps, Tai O Promenade, Lantau Island",101120,True,True,True,1,1,one,exact,A,explicit_ferry_stop_facilities_stop_id,"{""facility_stop_id"":""101120"",""gtfs_stop_id_exact"":true,""json_stop_id_exact"":true}",
ferry_stop_ferry_7025_a84f20059d_01,101117,"Sha Lo Wan Pier, Lantau Island",101117,True,True,True,1,1,one,exact,A,explicit_ferry_stop_facilities_stop_id,"{""facility_stop_id"":""101117"",""gtfs_stop_id_exact"":true,""json_stop_id_exact"":true}",
ferry_stop_ferry_7025_a84f20059d_02,101114,Eastern berth of Tung Chung Development Pier,101114,True,True,True,1,1,one,exact,A,explicit_ferry_stop_facilities_stop_id,"{""facility_stop_id"":""101114"",""gtfs_stop_id_exact"":true,""json_stop_id_exact"":true}",
ferry_stop_ferry_7025_a84f20059d_03,101113,Tuen Mun Ferry Pier (Berth D) (outside Pierhead Garden),101113,True,True,True,1,1,one,exact,A,explicit_ferry_stop_facilities_stop_id,"{""facility_stop_id"":""101113"",""gtfs_stop_id_exact"":true,""json_stop_id_exact"":true}",
ferry_stop_ferry_7030_2d66424e12_00,101119,Star Ferry Pier at Salisbury Road,101119,True,True,True,1,1,one,exact,A,explicit_ferry_stop_facilities_stop_id,"{""facility_stop_id"":""101119"",""gtfs_stop_id_exact"":true,""json_stop_id_exact"":true}",
ferry_stop_ferry_7030_2d66424e12_01,101339,Central Pier No.7 at Man Kwong Street,101339,True,True,True,1,1,one,exact,A,explicit_ferry_stop_facilities_stop_id,"{""facility_stop_id"":""101339"",""gtfs_stop_id_exact"":true,""json_stop_id_exact"":true}",
ferry_stop_ferry_7030_9bd5abcda9_00,101339,Central Pier No.7 at Man Kwong Street,101339,True,True,True,1,1,one,exact,A,explicit_ferry_stop_facilities_stop_id,"{""facility_stop_id"":""101339"",""gtfs_stop_id_exact"":true,""json_stop_id_exact"":true}",
ferry_stop_ferry_7030_9bd5abcda9_01,101119,Star Ferry Pier at Salisbury Road,101119,True,True,True,1,1,one,exact,A,explicit_ferry_stop_facilities_stop_id,"{""facility_stop_id"":""101119"",""gtfs_stop_id_exact"":true,""json_stop_id_exact"":true}",
ferry_stop_ferry_7031_6c6de89769_00,101119,Star Ferry Pier at Salisbury Road,101119,True,True,True,1,1,one,exact,A,explicit_ferry_stop_facilities_stop_id,"{""facility_stop_id"":""101119"",""gtfs_stop_id_exact"":true,""json_stop_id_exact"":true}",
ferry_stop_ferry_7031_6c6de89769_01,101118,Wan Chai Ferry Pier at Hung Hing Road,101118,True,True,True,1,1,one,exact,A,explicit_ferry_stop_facilities_stop_id,"{""facility_stop_id"":""101118"",""gtfs_stop_id_exact"":true,""json_stop_id_exact"":true}",
ferry_stop_ferry_7031_9f1e460aa7_00,101118,Wan Chai Ferry Pier at Hung Hing Road,101118,True,True,True,1,1,one,exact,A,explicit_ferry_stop_facilities_stop_id,"{""facility_stop_id"":""101118"",""gtfs_stop_id_exact"":true,""json_stop_id_exact"":true}",
ferry_stop_ferry_7031_9f1e460aa7_01,101119,Star Ferry Pier at Salisbury Road,101119,True,True,True,1,1,one,exact,A,explicit_ferry_stop_facilities_stop_id,"{""facility_stop_id"":""101119"",""gtfs_stop_id_exact"":true,""json_stop_id_exact"":true}",
ferry_stop_ferry_7051_2ddd529580_00,101331,Pontoon at Ap Lei Chau (outside Marina Habitat),101331,True,True,True,1,1,one,exact,A,explicit_ferry_stop_facilities_stop_id,"{""facility_stop_id"":""101331"",""gtfs_stop_id_exact"":true,""json_stop_id_exact"":true}",
ferry_stop_ferry_7051_2ddd529580_01,101332,Aberdeen (Landing step outside Aberdeen Promenade),101332,True,True,True,1,1,one,exact,A,explicit_ferry_stop_facilities_stop_id,"{""facility_stop_id"":""101332"",""gtfs_stop_id_exact"":true,""json_stop_id_exact"":true}",
ferry_stop_ferry_7051_367ae765b3_00,101332,Aberdeen (Landing step outside Aberdeen Promenade),101332,True,True,True,1,1,one,exact,A,explicit_ferry_stop_facilities_stop_id,"{""facility_stop_id"":""101332"",""gtfs_stop_id_exact"":true,""json_stop_id_exact"":true}",
ferry_stop_ferry_7051_367ae765b3_01,101331,Pontoon at Ap Lei Chau (outside Marina Habitat),101331,True,True,True,1,1,one,exact,A,explicit_ferry_stop_facilities_stop_id,"{""facility_stop_id"":""101331"",""gtfs_stop_id_exact"":true,""json_stop_id_exact"":true}",
ferry_stop_ferry_7052_60fd551964_00,101331,Pontoon at Ap Lei Chau (outside Marina Habitat),101331,True,True,True,1,1,one,exact,A,explicit_ferry_stop_facilities_stop_id,"{""facility_stop_id"":""101331"",""gtfs_stop_id_exact"":true,""json_stop_id_exact"":true}",
ferry_stop_ferry_7052_60fd551964_01,101333,Stationary vessel outside Aberdeen Wholesale Fish Market,101333,True,True,True,1,1,one,exact,A,explicit_ferry_stop_facilities_stop_id,"{""facility_stop_id"":""101333"",""gtfs_stop_id_exact"":true,""json_stop_id_exact"":true}",
ferry_stop_ferry_7052_e84096da97_00,101333,Stationary vessel outside Aberdeen Wholesale Fish Market,101333,True,True,True,1,1,one,exact,A,explicit_ferry_stop_facilities_stop_id,"{""facility_stop_id"":""101333"",""gtfs_stop_id_exact"":true,""json_stop_id_exact"":true}",
ferry_stop_ferry_7052_e84096da97_01,101331,Pontoon at Ap Lei Chau (outside Marina Habitat),101331,True,True,True,1,1,one,exact,A,explicit_ferry_stop_facilities_stop_id,"{""facility_stop_id"":""101331"",""gtfs_stop_id_exact"":true,""json_stop_id_exact"":true}",
ferry_stop_ferry_7056_6bcf536836_00,101320,Kwun Tong Ferry Pier at Wing Yip Street|Kwun Tong Ferry Pier at Wing Yip Street (Eastern Berth),101320,True,True,True,1,1,one,exact,A,explicit_ferry_stop_facilities_stop_id,"{""facility_stop_id"":""101320"",""gtfs_stop_id_exact"":true,""json_stop_id_exact"":true}",
ferry_stop_ferry_7056_6bcf536836_01,101349,North Point (East) Ferry Pier (near North Point Promenade),101349,True,True,True,1,1,one,exact,A,explicit_ferry_stop_facilities_stop_id,"{""facility_stop_id"":""101349"",""gtfs_stop_id_exact"":true,""json_stop_id_exact"":true}",
ferry_stop_ferry_7056_768b8ed563_00,101349,North Point (East) Ferry Pier (near North Point Promenade),101349,True,True,True,1,1,one,exact,A,explicit_ferry_stop_facilities_stop_id,"{""facility_stop_id"":""101349"",""gtfs_stop_id_exact"":true,""json_stop_id_exact"":true}",
ferry_stop_ferry_7056_768b8ed563_01,101320,Kwun Tong Ferry Pier at Wing Yip Street|Kwun Tong Ferry Pier at Wing Yip Street (Eastern Berth),101320,True,True,True,1,1,one,exact,A,explicit_ferry_stop_facilities_stop_id,"{""facility_stop_id"":""101320"",""gtfs_stop_id_exact"":true,""json_stop_id_exact"":true}",
ferry_stop_ferry_7059_0d609e5148_00,101357,Hung Hom (South) Ferry Pier,101357,True,True,True,1,1,one,exact,A,explicit_ferry_stop_facilities_stop_id,"{""facility_stop_id"":""101357"",""gtfs_stop_id_exact"":true,""json_stop_id_exact"":true}",
ferry_stop_ferry_7059_0d609e5148_01,101358,Central Pier No. 8 (Western Berth),101358,True,True,True,1,1,one,exact,A,explicit_ferry_stop_facilities_stop_id,"{""facility_stop_id"":""101358"",""gtfs_stop_id_exact"":true,""json_stop_id_exact"":true}",
ferry_stop_ferry_7059_582eb1e4c7_00,101358,Central Pier No. 8 (Western Berth),101358,True,True,True,1,1,one,exact,A,explicit_ferry_stop_facilities_stop_id,"{""facility_stop_id"":""101358"",""gtfs_stop_id_exact"":true,""json_stop_id_exact"":true}",
ferry_stop_ferry_7059_582eb1e4c7_01,101357,Hung Hom (South) Ferry Pier,101357,True,True,True,1,1,one,exact,A,explicit_ferry_stop_facilities_stop_id,"{""facility_stop_id"":""101357"",""gtfs_stop_id_exact"":true,""json_stop_id_exact"":true}",
