cost_component,state_or_trigger,event_role,required_state,deduplication_key,person_attribution,charge_time,failure_policy,implementation_note,formal_scoring_implementation_written,person_money_event_emitted_in_this_audit,eligible_for_design_review
fuel_or_electricity,VehicleEntersTrafficEvent,open_experienced_private_car_leg,"vehicle_id,driver_person_id,network_mode,start_link,time",vehicle_id+traffic_session,experienced_driver,not_yet,fail_fast_on_missing_vehicle_class_or_driver,Filter vehicle_class=private_car; motorcycle excluded.,False,False,True
fuel_or_electricity,LinkEnterEvent,accumulate_experienced_route_distance,"vehicle_id,link_id,event_time,network_link_length",ordered_link_passage_within_traffic_session,active_experienced_driver,not_yet,fail_fast_on_unknown_link_or_no_active_session,Explicitly reconcile start/end-link distance convention with the baseline oracle.,False,False,True
fuel_or_electricity,VehicleLeavesTrafficEvent_or_experienced_car_leg_end,settle_energy_proxy,"experienced_distance,scenario_fleet_average_rate",vehicle_id+traffic_session+energy,saved_experienced_driver,experienced_car_leg_end,fail_fast;never_charge_old_static_person_leg,Only after distance-money double-counting design is resolved.,False,False,True
toll,VehicleEntersTrafficEvent,bind_vehicle_to_active_driver_and_session,"vehicle_id,driver_person_id,network_mode,time",vehicle_id+traffic_session,experienced_driver,not_yet,fail_fast_on_unbound_private_vehicle,"PersonLeavesVehicleEvent is cleanup, not charge.",False,False,True
toll,LinkEnterEvent,detect_actual_mapped_toll_passage_and_apply_rate,"canonical_facility_mapping,alias_map,event_time,vehicle_class",vehicle_id+traffic_session+canonical_facility_id+physical_passage_cluster,active_experienced_driver,actual_facility_passage_time,fail_fast_on_ambiguous_alias_or_unmapped_candidate,WHC primary/backup alias once; different facilities each charged; never infer from cross-harbour geography or use taxi passenger surcharges.,False,False,True
destination_parking,VehicleLeavesTrafficEvent_plus_PersonArrival_orActivityStart,open_physical_parking_event,"vehicle_id,arrival_person,time,link,facility,activity_group",vehicle_id+parking_event_sequence,saved_arriving_driver,not_at_arrival_duration_unknown,fail_fast_on_conflicting_arrival_state,One open event per vehicle; home marginal zero remains legal.,False,False,True
destination_parking,next_VehicleEntersTrafficEvent_same_vehicle,close_and_settle_physical_parking_event,"open_arrival,next_departure_time,facility_consistency,scenario_rule",vehicle_id+parking_event_sequence,saved_arriving_driver_not_next_driver,next_vehicle_departure,fail_fast_on_overlap_or_facility_mismatch;never_fill_zero,Recommended non-terminal settlement; work prepaid zero only under the explicitly selected scenario.,False,False,True
destination_parking,mobsim_end,process_terminal_open_parking_events_only,explicit_terminal_non_home_and_cross_midnight_rule,vehicle_id+terminal_parking_event,saved_arriving_driver,mobsim_end_terminal_only,block_if_terminal_duration_rule_not_approved,Do not batch non-terminal events here; right censoring must be explicit.,False,False,True
fixed_vehicle_ownership_cost,none,accounting_sidecar_only,none_at_runtime,not_applicable,none,never,fail_if_any_runtime_or_leg_record_is_created,Runtime scoring events=0; leg records=0; PersonMoneyEvent=0; behavioral utility=0.,False,False,True
