fare_scope,operator,matsim_line_id,matsim_route_id,official_route_id,official_route_sequence,official_direction,boarding_stop_id,alighting_stop_id,passenger_type,payment_medium,service_class,day_type,time_period,published_fare_hkd,currency,fare_amount_role,cost_component,cost_source,cost_effective_date,cost_effective_date_status,source_revision_cutoff_date,source_download_date,source_record_id,source_record_ids_json,source_file,source_sha256,candidate_count,distinct_amount_count,record_status,candidate_records_json,mapping_status,mapping_quality,cost_quality,cost_applicability_status,matching_method,unresolved_reason
exact_route_sequence_ordered_stop_od,GMB,line_gmb_2000410,gmb_2000410_1,2000410,1,1,20000057,20000169,unspecified_in_source,unspecified_in_source,unspecified_in_source,unspecified_in_source,unspecified_in_source,7.0,HKD,published_fare_passenger_and_payment_basis_unspecified,pt_fare,td_gtfs_20260720,,not_encoded_in_source_revision_cutoff_only,2026-07-14,2026-07-20,gtfs:fare_rules.txt:775013|fare_attributes.txt:774572|fare_id:2000410-1-34-37,"[""gtfs:fare_rules.txt:775013|fare_attributes.txt:774572|fare_id:2000410-1-34-37""]",data/transit/hongkong/PublicTransportGTFS/gtfs.zip,e5ad020b79d0020625a4e8eb5428c2253a07705b71bfb809d8a3fa178032ce06,1,1,available,"[{""fare_attribute_line"":774572,""fare_id"":""2000410-1-34-37"",""fare_rule_line"":775013,""price"":7.0}]",exact,A,B,published_amount_only_passenger_payment_and_effective_period_unspecified,official_json_routeSeq_exact_full_stop_pattern_plus_ordered_gtfs_stop_od,
exact_route_sequence_ordered_stop_od,GMB,line_gmb_2000410,gmb_2000410_1,2000410,1,1,20000057,20000328,unspecified_in_source,unspecified_in_source,unspecified_in_source,unspecified_in_source,unspecified_in_source,7.0,HKD,published_fare_passenger_and_payment_basis_unspecified,pt_fare,td_gtfs_20260720,,not_encoded_in_source_revision_cutoff_only,2026-07-14,2026-07-20,gtfs:fare_rules.txt:775014|fare_attributes.txt:774573|fare_id:2000410-1-34-38,"[""gtfs:fare_rules.txt:775014|fare_attributes.txt:774573|fare_id:2000410-1-34-38""]",data/transit/hongkong/PublicTransportGTFS/gtfs.zip,e5ad020b79d0020625a4e8eb5428c2253a07705b71bfb809d8a3fa178032ce06,1,1,available,"[{""fare_attribute_line"":774573,""fare_id"":""2000410-1-34-38"",""fare_rule_line"":775014,""price"":7.0}]",exact,A,B,published_amount_only_passenger_payment_and_effective_period_unspecified,official_json_routeSeq_exact_full_stop_pattern_plus_ordered_gtfs_stop_od,
exact_route_sequence_ordered_stop_od,GMB,line_gmb_2000410,gmb_2000410_1,2000410,1,1,20000057,20000329,unspecified_in_source,unspecified_in_source,unspecified_in_source,unspecified_in_source,unspecified_in_source,7.0,HKD,published_fare_passenger_and_payment_basis_unspecified,pt_fare,td_gtfs_20260720,,not_encoded_in_source_revision_cutoff_only,2026-07-14,2026-07-20,gtfs:fare_rules.txt:775015|fare_attributes.txt:774574|fare_id:2000410-1-34-39,"[""gtfs:fare_rules.txt:775015|fare_attributes.txt:774574|fare_id:2000410-1-34-39""]",data/transit/hongkong/PublicTransportGTFS/gtfs.zip,e5ad020b79d0020625a4e8eb5428c2253a07705b71bfb809d8a3fa178032ce06,1,1,available,"[{""fare_attribute_line"":774574,""fare_id"":""2000410-1-34-39"",""fare_rule_line"":775015,""price"":7.0}]",exact,A,B,published_amount_only_passenger_payment_and_effective_period_unspecified,official_json_routeSeq_exact_full_stop_pattern_plus_ordered_gtfs_stop_od,
exact_route_sequence_ordered_stop_od,GMB,line_gmb_2000410,gmb_2000410_1,2000410,1,1,20000057,20000361,unspecified_in_source,unspecified_in_source,unspecified_in_source,unspecified_in_source,unspecified_in_source,7.0,HKD,published_fare_passenger_and_payment_basis_unspecified,pt_fare,td_gtfs_20260720,,not_encoded_in_source_revision_cutoff_only,2026-07-14,2026-07-20,gtfs:fare_rules.txt:775012|fare_attributes.txt:774571|fare_id:2000410-1-34-36,"[""gtfs:fare_rules.txt:775012|fare_attributes.txt:774571|fare_id:2000410-1-34-36""]",data/transit/hongkong/PublicTransportGTFS/gtfs.zip,e5ad020b79d0020625a4e8eb5428c2253a07705b71bfb809d8a3fa178032ce06,1,1,available,"[{""fare_attribute_line"":774571,""fare_id"":""2000410-1-34-36"",""fare_rule_line"":775012,""price"":7.0}]",exact,A,B,published_amount_only_passenger_payment_and_effective_period_unspecified,official_json_routeSeq_exact_full_stop_pattern_plus_ordered_gtfs_stop_od,
exact_route_sequence_ordered_stop_od,GMB,line_gmb_2000410,gmb_2000410_1,2000410,1,1,20000057,20002735,unspecified_in_source,unspecified_in_source,unspecified_in_source,unspecified_in_source,unspecified_in_source,7.0,HKD,published_fare_passenger_and_payment_basis_unspecified,pt_fare,td_gtfs_20260720,,not_encoded_in_source_revision_cutoff_only,2026-07-14,2026-07-20,gtfs:fare_rules.txt:775011|fare_attributes.txt:774570|fare_id:2000410-1-34-35,"[""gtfs:fare_rules.txt:775011|fare_attributes.txt:774570|fare_id:2000410-1-34-35""]",data/transit/hongkong/PublicTransportGTFS/gtfs.zip,e5ad020b79d0020625a4e8eb5428c2253a07705b71bfb809d8a3fa178032ce06,1,1,available,"[{""fare_attribute_line"":774570,""fare_id"":""2000410-1-34-35"",""fare_rule_line"":775011,""price"":7.0}]",exact,A,B,published_amount_only_passenger_payment_and_effective_period_unspecified,official_json_routeSeq_exact_full_stop_pattern_plus_ordered_gtfs_stop_od,
exact_route_sequence_ordered_stop_od,GMB,line_gmb_2000410,gmb_2000410_1,2000410,1,1,20000057,20003337,unspecified_in_source,unspecified_in_source,unspecified_in_source,unspecified_in_source,unspecified_in_source,7.0,HKD,published_fare_passenger_and_payment_basis_unspecified,pt_fare,td_gtfs_20260720,,not_encoded_in_source_revision_cutoff_only,2026-07-14,2026-07-20,gtfs:fare_rules.txt:775019|fare_attributes.txt:774578|fare_id:2000410-1-34-43,"[""gtfs:fare_rules.txt:775019|fare_attributes.txt:774578|fare_id:2000410-1-34-43""]",data/transit/hongkong/PublicTransportGTFS/gtfs.zip,e5ad020b79d0020625a4e8eb5428c2253a07705b71bfb809d8a3fa178032ce06,1,1,available,"[{""fare_attribute_line"":774578,""fare_id"":""2000410-1-34-43"",""fare_rule_line"":775019,""price"":7.0}]",exact,A,B,published_amount_only_passenger_payment_and_effective_period_unspecified,official_json_routeSeq_exact_full_stop_pattern_plus_ordered_gtfs_stop_od,
exact_route_sequence_ordered_stop_od,GMB,line_gmb_2000410,gmb_2000410_1,2000410,1,1,20000057,20003338,unspecified_in_source,unspecified_in_source,unspecified_in_source,unspecified_in_source,unspecified_in_source,7.0,HKD,published_fare_passenger_and_payment_basis_unspecified,pt_fare,td_gtfs_20260720,,not_encoded_in_source_revision_cutoff_only,2026-07-14,2026-07-20,gtfs:fare_rules.txt:775018|fare_attributes.txt:774577|fare_id:2000410-1-34-42,"[""gtfs:fare_rules.txt:775018|fare_attributes.txt:774577|fare_id:2000410-1-34-42""]",data/transit/hongkong/PublicTransportGTFS/gtfs.zip,e5ad020b79d0020625a4e8eb5428c2253a07705b71bfb809d8a3fa178032ce06,1,1,available,"[{""fare_attribute_line"":774577,""fare_id"":""2000410-1-34-42"",""fare_rule_line"":775018,""price"":7.0}]",exact,A,B,published_amount_only_passenger_payment_and_effective_period_unspecified,official_json_routeSeq_exact_full_stop_pattern_plus_ordered_gtfs_stop_od,
exact_route_sequence_ordered_stop_od,GMB,line_gmb_2000410,gmb_2000410_1,2000410,1,1,20000057,20004117,unspecified_in_source,unspecified_in_source,unspecified_in_source,unspecified_in_source,unspecified_in_source,7.0,HKD,published_fare_passenger_and_payment_basis_unspecified,pt_fare,td_gtfs_20260720,,not_encoded_in_source_revision_cutoff_only,2026-07-14,2026-07-20,gtfs:fare_rules.txt:775016|fare_attributes.txt:774575|fare_id:2000410-1-34-40,"[""gtfs:fare_rules.txt:775016|fare_attributes.txt:774575|fare_id:2000410-1-34-40""]",data/transit/hongkong/PublicTransportGTFS/gtfs.zip,e5ad020b79d0020625a4e8eb5428c2253a07705b71bfb809d8a3fa178032ce06,1,1,available,"[{""fare_attribute_line"":774575,""fare_id"":""2000410-1-34-40"",""fare_rule_line"":775016,""price"":7.0}]",exact,A,B,published_amount_only_passenger_payment_and_effective_period_unspecified,official_json_routeSeq_exact_full_stop_pattern_plus_ordered_gtfs_stop_od,
exact_route_sequence_ordered_stop_od,GMB,line_gmb_2000410,gmb_2000410_1,2000410,1,1,20000057,20004118,unspecified_in_source,unspecified_in_source,unspecified_in_source,unspecified_in_source,unspecified_in_source,7.0,HKD,published_fare_passenger_and_payment_basis_unspecified,pt_fare,td_gtfs_20260720,,not_encoded_in_source_revision_cutoff_only,2026-07-14,2026-07-20,gtfs:fare_rules.txt:775017|fare_attributes.txt:774576|fare_id:2000410-1-34-41,"[""gtfs:fare_rules.txt:775017|fare_attributes.txt:774576|fare_id:2000410-1-34-41""]",data/transit/hongkong/PublicTransportGTFS/gtfs.zip,e5ad020b79d0020625a4e8eb5428c2253a07705b71bfb809d8a3fa178032ce06,1,1,available,"[{""fare_attribute_line"":774576,""fare_id"":""2000410-1-34-41"",""fare_rule_line"":775017,""price"":7.0}]",exact,A,B,published_amount_only_passenger_payment_and_effective_period_unspecified,official_json_routeSeq_exact_full_stop_pattern_plus_ordered_gtfs_stop_od,
exact_route_sequence_ordered_stop_od,GMB,line_gmb_2000410,gmb_2000410_1,2000410,1,1,20000169,20000328,unspecified_in_source,unspecified_in_source,unspecified_in_source,unspecified_in_source,unspecified_in_source,7.0,HKD,published_fare_passenger_and_payment_basis_unspecified,pt_fare,td_gtfs_20260720,,not_encoded_in_source_revision_cutoff_only,2026-07-14,2026-07-20,gtfs:fare_rules.txt:775035|fare_attributes.txt:774594|fare_id:2000410-1-37-38,"[""gtfs:fare_rules.txt:775035|fare_attributes.txt:774594|fare_id:2000410-1-37-38""]",data/transit/hongkong/PublicTransportGTFS/gtfs.zip,e5ad020b79d0020625a4e8eb5428c2253a07705b71bfb809d8a3fa178032ce06,1,1,available,"[{""fare_attribute_line"":774594,""fare_id"":""2000410-1-37-38"",""fare_rule_line"":775035,""price"":7.0}]",exact,A,B,published_amount_only_passenger_payment_and_effective_period_unspecified,official_json_routeSeq_exact_full_stop_pattern_plus_ordered_gtfs_stop_od,
exact_route_sequence_ordered_stop_od,GMB,line_gmb_2000410,gmb_2000410_1,2000410,1,1,20000169,20000329,unspecified_in_source,unspecified_in_source,unspecified_in_source,unspecified_in_source,unspecified_in_source,7.0,HKD,published_fare_passenger_and_payment_basis_unspecified,pt_fare,td_gtfs_20260720,,not_encoded_in_source_revision_cutoff_only,2026-07-14,2026-07-20,gtfs:fare_rules.txt:775036|fare_attributes.txt:774595|fare_id:2000410-1-37-39,"[""gtfs:fare_rules.txt:775036|fare_attributes.txt:774595|fare_id:2000410-1-37-39""]",data/transit/hongkong/PublicTransportGTFS/gtfs.zip,e5ad020b79d0020625a4e8eb5428c2253a07705b71bfb809d8a3fa178032ce06,1,1,available,"[{""fare_attribute_line"":774595,""fare_id"":""2000410-1-37-39"",""fare_rule_line"":775036,""price"":7.0}]",exact,A,B,published_amount_only_passenger_payment_and_effective_period_unspecified,official_json_routeSeq_exact_full_stop_pattern_plus_ordered_gtfs_stop_od,
exact_route_sequence_ordered_stop_od,GMB,line_gmb_2000410,gmb_2000410_1,2000410,1,1,20000169,20003337,unspecified_in_source,unspecified_in_source,unspecified_in_source,unspecified_in_source,unspecified_in_source,7.0,HKD,published_fare_passenger_and_payment_basis_unspecified,pt_fare,td_gtfs_20260720,,not_encoded_in_source_revision_cutoff_only,2026-07-14,2026-07-20,gtfs:fare_rules.txt:775040|fare_attributes.txt:774599|fare_id:2000410-1-37-43,"[""gtfs:fare_rules.txt:775040|fare_attributes.txt:774599|fare_id:2000410-1-37-43""]",data/transit/hongkong/PublicTransportGTFS/gtfs.zip,e5ad020b79d0020625a4e8eb5428c2253a07705b71bfb809d8a3fa178032ce06,1,1,available,"[{""fare_attribute_line"":774599,""fare_id"":""2000410-1-37-43"",""fare_rule_line"":775040,""price"":7.0}]",exact,A,B,published_amount_only_passenger_payment_and_effective_period_unspecified,official_json_routeSeq_exact_full_stop_pattern_plus_ordered_gtfs_stop_od,
exact_route_sequence_ordered_stop_od,GMB,line_gmb_2000410,gmb_2000410_1,2000410,1,1,20000169,20003338,unspecified_in_source,unspecified_in_source,unspecified_in_source,unspecified_in_source,unspecified_in_source,7.0,HKD,published_fare_passenger_and_payment_basis_unspecified,pt_fare,td_gtfs_20260720,,not_encoded_in_source_revision_cutoff_only,2026-07-14,2026-07-20,gtfs:fare_rules.txt:775039|fare_attributes.txt:774598|fare_id:2000410-1-37-42,"[""gtfs:fare_rules.txt:775039|fare_attributes.txt:774598|fare_id:2000410-1-37-42""]",data/transit/hongkong/PublicTransportGTFS/gtfs.zip,e5ad020b79d0020625a4e8eb5428c2253a07705b71bfb809d8a3fa178032ce06,1,1,available,"[{""fare_attribute_line"":774598,""fare_id"":""2000410-1-37-42"",""fare_rule_line"":775039,""price"":7.0}]",exact,A,B,published_amount_only_passenger_payment_and_effective_period_unspecified,official_json_routeSeq_exact_full_stop_pattern_plus_ordered_gtfs_stop_od,
exact_route_sequence_ordered_stop_od,GMB,line_gmb_2000410,gmb_2000410_1,2000410,1,1,20000169,20004117,unspecified_in_source,unspecified_in_source,unspecified_in_source,unspecified_in_source,unspecified_in_source,7.0,HKD,published_fare_passenger_and_payment_basis_unspecified,pt_fare,td_gtfs_20260720,,not_encoded_in_source_revision_cutoff_only,2026-07-14,2026-07-20,gtfs:fare_rules.txt:775037|fare_attributes.txt:774596|fare_id:2000410-1-37-40,"[""gtfs:fare_rules.txt:775037|fare_attributes.txt:774596|fare_id:2000410-1-37-40""]",data/transit/hongkong/PublicTransportGTFS/gtfs.zip,e5ad020b79d0020625a4e8eb5428c2253a07705b71bfb809d8a3fa178032ce06,1,1,available,"[{""fare_attribute_line"":774596,""fare_id"":""2000410-1-37-40"",""fare_rule_line"":775037,""price"":7.0}]",exact,A,B,published_amount_only_passenger_payment_and_effective_period_unspecified,official_json_routeSeq_exact_full_stop_pattern_plus_ordered_gtfs_stop_od,
exact_route_sequence_ordered_stop_od,GMB,line_gmb_2000410,gmb_2000410_1,2000410,1,1,20000169,20004118,unspecified_in_source,unspecified_in_source,unspecified_in_source,unspecified_in_source,unspecified_in_source,7.0,HKD,published_fare_passenger_and_payment_basis_unspecified,pt_fare,td_gtfs_20260720,,not_encoded_in_source_revision_cutoff_only,2026-07-14,2026-07-20,gtfs:fare_rules.txt:775038|fare_attributes.txt:774597|fare_id:2000410-1-37-41,"[""gtfs:fare_rules.txt:775038|fare_attributes.txt:774597|fare_id:2000410-1-37-41""]",data/transit/hongkong/PublicTransportGTFS/gtfs.zip,e5ad020b79d0020625a4e8eb5428c2253a07705b71bfb809d8a3fa178032ce06,1,1,available,"[{""fare_attribute_line"":774597,""fare_id"":""2000410-1-37-41"",""fare_rule_line"":775038,""price"":7.0}]",exact,A,B,published_amount_only_passenger_payment_and_effective_period_unspecified,official_json_routeSeq_exact_full_stop_pattern_plus_ordered_gtfs_stop_od,
exact_route_sequence_ordered_stop_od,GMB,line_gmb_2000410,gmb_2000410_1,2000410,1,1,20000211,20000057,unspecified_in_source,unspecified_in_source,unspecified_in_source,unspecified_in_source,unspecified_in_source,7.0,HKD,published_fare_passenger_and_payment_basis_unspecified,pt_fare,td_gtfs_20260720,,not_encoded_in_source_revision_cutoff_only,2026-07-14,2026-07-20,gtfs:fare_rules.txt:774695|fare_attributes.txt:854743|fare_id:2000410-1-16-34,"[""gtfs:fare_rules.txt:774695|fare_attributes.txt:854743|fare_id:2000410-1-16-34""]",data/transit/hongkong/PublicTransportGTFS/gtfs.zip,e5ad020b79d0020625a4e8eb5428c2253a07705b71bfb809d8a3fa178032ce06,1,1,available,"[{""fare_attribute_line"":854743,""fare_id"":""2000410-1-16-34"",""fare_rule_line"":774695,""price"":7.0}]",exact,A,B,published_amount_only_passenger_payment_and_effective_period_unspecified,official_json_routeSeq_exact_full_stop_pattern_plus_ordered_gtfs_stop_od,
exact_route_sequence_ordered_stop_od,GMB,line_gmb_2000410,gmb_2000410_1,2000410,1,1,20000211,20000169,unspecified_in_source,unspecified_in_source,unspecified_in_source,unspecified_in_source,unspecified_in_source,7.0,HKD,published_fare_passenger_and_payment_basis_unspecified,pt_fare,td_gtfs_20260720,,not_encoded_in_source_revision_cutoff_only,2026-07-14,2026-07-20,gtfs:fare_rules.txt:774698|fare_attributes.txt:854746|fare_id:2000410-1-16-37,"[""gtfs:fare_rules.txt:774698|fare_attributes.txt:854746|fare_id:2000410-1-16-37""]",data/transit/hongkong/PublicTransportGTFS/gtfs.zip,e5ad020b79d0020625a4e8eb5428c2253a07705b71bfb809d8a3fa178032ce06,1,1,available,"[{""fare_attribute_line"":854746,""fare_id"":""2000410-1-16-37"",""fare_rule_line"":774698,""price"":7.0}]",exact,A,B,published_amount_only_passenger_payment_and_effective_period_unspecified,official_json_routeSeq_exact_full_stop_pattern_plus_ordered_gtfs_stop_od,
exact_route_sequence_ordered_stop_od,GMB,line_gmb_2000410,gmb_2000410_1,2000410,1,1,20000211,20000215,unspecified_in_source,unspecified_in_source,unspecified_in_source,unspecified_in_source,unspecified_in_source,7.0,HKD,published_fare_passenger_and_payment_basis_unspecified,pt_fare,td_gtfs_20260720,,not_encoded_in_source_revision_cutoff_only,2026-07-14,2026-07-20,gtfs:fare_rules.txt:774680|fare_attributes.txt:774365|fare_id:2000410-1-16-19,"[""gtfs:fare_rules.txt:774680|fare_attributes.txt:774365|fare_id:2000410-1-16-19""]",data/transit/hongkong/PublicTransportGTFS/gtfs.zip,e5ad020b79d0020625a4e8eb5428c2253a07705b71bfb809d8a3fa178032ce06,1,1,available,"[{""fare_attribute_line"":774365,""fare_id"":""2000410-1-16-19"",""fare_rule_line"":774680,""price"":7.0}]",exact,A,B,published_amount_only_passenger_payment_and_effective_period_unspecified,official_json_routeSeq_exact_full_stop_pattern_plus_ordered_gtfs_stop_od,
exact_route_sequence_ordered_stop_od,GMB,line_gmb_2000410,gmb_2000410_1,2000410,1,1,20000211,20000267,unspecified_in_source,unspecified_in_source,unspecified_in_source,unspecified_in_source,unspecified_in_source,7.0,HKD,published_fare_passenger_and_payment_basis_unspecified,pt_fare,td_gtfs_20260720,,not_encoded_in_source_revision_cutoff_only,2026-07-14,2026-07-20,gtfs:fare_rules.txt:774693|fare_attributes.txt:854741|fare_id:2000410-1-16-32,"[""gtfs:fare_rules.txt:774693|fare_attributes.txt:854741|fare_id:2000410-1-16-32""]",data/transit/hongkong/PublicTransportGTFS/gtfs.zip,e5ad020b79d0020625a4e8eb5428c2253a07705b71bfb809d8a3fa178032ce06,1,1,available,"[{""fare_attribute_line"":854741,""fare_id"":""2000410-1-16-32"",""fare_rule_line"":774693,""price"":7.0}]",exact,A,B,published_amount_only_passenger_payment_and_effective_period_unspecified,official_json_routeSeq_exact_full_stop_pattern_plus_ordered_gtfs_stop_od,
exact_route_sequence_ordered_stop_od,GMB,line_gmb_2000410,gmb_2000410_1,2000410,1,1,20000211,20000328,unspecified_in_source,unspecified_in_source,unspecified_in_source,unspecified_in_source,unspecified_in_source,7.0,HKD,published_fare_passenger_and_payment_basis_unspecified,pt_fare,td_gtfs_20260720,,not_encoded_in_source_revision_cutoff_only,2026-07-14,2026-07-20,gtfs:fare_rules.txt:774699|fare_attributes.txt:854747|fare_id:2000410-1-16-38,"[""gtfs:fare_rules.txt:774699|fare_attributes.txt:854747|fare_id:2000410-1-16-38""]",data/transit/hongkong/PublicTransportGTFS/gtfs.zip,e5ad020b79d0020625a4e8eb5428c2253a07705b71bfb809d8a3fa178032ce06,1,1,available,"[{""fare_attribute_line"":854747,""fare_id"":""2000410-1-16-38"",""fare_rule_line"":774699,""price"":7.0}]",exact,A,B,published_amount_only_passenger_payment_and_effective_period_unspecified,official_json_routeSeq_exact_full_stop_pattern_plus_ordered_gtfs_stop_od,
exact_route_sequence_ordered_stop_od,GMB,line_gmb_2001194,gmb_2001194_1,2001194,1,1,20002474,20022867,unspecified_in_source,unspecified_in_source,unspecified_in_source,unspecified_in_source,unspecified_in_source,,,,pt_fare,,,not_encoded_in_source_revision_cutoff_only,2026-07-14,2026-07-20,,"[""gtfs:fare_rules.txt:782933|fare_attributes.txt:782170|fare_id:2001194-1-1-5"",""gtfs:fare_rules.txt:782951|fare_attributes.txt:856869|fare_id:2001194-1-1-23""]",data/transit/hongkong/PublicTransportGTFS/gtfs.zip,e5ad020b79d0020625a4e8eb5428c2253a07705b71bfb809d8a3fa178032ce06,2,2,ambiguous,"[{""fare_attribute_line"":782170,""fare_id"":""2001194-1-1-5"",""fare_rule_line"":782933,""price"":6.3},{""fare_attribute_line"":856869,""fare_id"":""2001194-1-1-23"",""fare_rule_line"":782951,""price"":7.8}]",ambiguous,A,U,unresolved,official_json_routeSeq_exact_full_stop_pattern_plus_ordered_gtfs_stop_od,conflicting_published_amounts
exact_route_sequence_ordered_stop_od,GMB,line_gmb_2001194,gmb_2001194_1,2001194,1,1,20002474,20023032,unspecified_in_source,unspecified_in_source,unspecified_in_source,unspecified_in_source,unspecified_in_source,,,,pt_fare,,,not_encoded_in_source_revision_cutoff_only,2026-07-14,2026-07-20,,"[""gtfs:fare_rules.txt:782932|fare_attributes.txt:782169|fare_id:2001194-1-1-4"",""gtfs:fare_rules.txt:782950|fare_attributes.txt:856868|fare_id:2001194-1-1-22""]",data/transit/hongkong/PublicTransportGTFS/gtfs.zip,e5ad020b79d0020625a4e8eb5428c2253a07705b71bfb809d8a3fa178032ce06,2,2,ambiguous,"[{""fare_attribute_line"":782169,""fare_id"":""2001194-1-1-4"",""fare_rule_line"":782932,""price"":6.3},{""fare_attribute_line"":856868,""fare_id"":""2001194-1-1-22"",""fare_rule_line"":782950,""price"":7.8}]",ambiguous,A,U,unresolved,official_json_routeSeq_exact_full_stop_pattern_plus_ordered_gtfs_stop_od,conflicting_published_amounts
exact_route_sequence_ordered_stop_od,GMB,line_gmb_2001194,gmb_2001194_1,2001194,1,1,20007541,20022867,unspecified_in_source,unspecified_in_source,unspecified_in_source,unspecified_in_source,unspecified_in_source,,,,pt_fare,,,not_encoded_in_source_revision_cutoff_only,2026-07-14,2026-07-20,,"[""gtfs:fare_rules.txt:782957|fare_attributes.txt:781392|fare_id:2001194-1-2-5"",""gtfs:fare_rules.txt:782975|fare_attributes.txt:856879|fare_id:2001194-1-2-23""]",data/transit/hongkong/PublicTransportGTFS/gtfs.zip,e5ad020b79d0020625a4e8eb5428c2253a07705b71bfb809d8a3fa178032ce06,2,2,ambiguous,"[{""fare_attribute_line"":781392,""fare_id"":""2001194-1-2-5"",""fare_rule_line"":782957,""price"":6.3},{""fare_attribute_line"":856879,""fare_id"":""2001194-1-2-23"",""fare_rule_line"":782975,""price"":7.8}]",ambiguous,A,U,unresolved,official_json_routeSeq_exact_full_stop_pattern_plus_ordered_gtfs_stop_od,conflicting_published_amounts
exact_route_sequence_ordered_stop_od,GMB,line_gmb_2001194,gmb_2001194_1,2001194,1,1,20007541,20023032,unspecified_in_source,unspecified_in_source,unspecified_in_source,unspecified_in_source,unspecified_in_source,,,,pt_fare,,,not_encoded_in_source_revision_cutoff_only,2026-07-14,2026-07-20,,"[""gtfs:fare_rules.txt:782956|fare_attributes.txt:781391|fare_id:2001194-1-2-4"",""gtfs:fare_rules.txt:782974|fare_attributes.txt:856878|fare_id:2001194-1-2-22""]",data/transit/hongkong/PublicTransportGTFS/gtfs.zip,e5ad020b79d0020625a4e8eb5428c2253a07705b71bfb809d8a3fa178032ce06,2,2,ambiguous,"[{""fare_attribute_line"":781391,""fare_id"":""2001194-1-2-4"",""fare_rule_line"":782956,""price"":6.3},{""fare_attribute_line"":856878,""fare_id"":""2001194-1-2-22"",""fare_rule_line"":782974,""price"":7.8}]",ambiguous,A,U,unresolved,official_json_routeSeq_exact_full_stop_pattern_plus_ordered_gtfs_stop_od,conflicting_published_amounts
exact_route_sequence_ordered_stop_od,GMB,line_gmb_2001194,gmb_2001194_1,2001194,1,1,20007542,20022867,unspecified_in_source,unspecified_in_source,unspecified_in_source,unspecified_in_source,unspecified_in_source,,,,pt_fare,,,not_encoded_in_source_revision_cutoff_only,2026-07-14,2026-07-20,,"[""gtfs:fare_rules.txt:782980|fare_attributes.txt:781405|fare_id:2001194-1-3-5"",""gtfs:fare_rules.txt:782998|fare_attributes.txt:856889|fare_id:2001194-1-3-23""]",data/transit/hongkong/PublicTransportGTFS/gtfs.zip,e5ad020b79d0020625a4e8eb5428c2253a07705b71bfb809d8a3fa178032ce06,2,2,ambiguous,"[{""fare_attribute_line"":781405,""fare_id"":""2001194-1-3-5"",""fare_rule_line"":782980,""price"":6.3},{""fare_attribute_line"":856889,""fare_id"":""2001194-1-3-23"",""fare_rule_line"":782998,""price"":7.8}]",ambiguous,A,U,unresolved,official_json_routeSeq_exact_full_stop_pattern_plus_ordered_gtfs_stop_od,conflicting_published_amounts
exact_route_sequence_ordered_stop_od,GMB,line_gmb_2001194,gmb_2001194_1,2001194,1,1,20007542,20023032,unspecified_in_source,unspecified_in_source,unspecified_in_source,unspecified_in_source,unspecified_in_source,,,,pt_fare,,,not_encoded_in_source_revision_cutoff_only,2026-07-14,2026-07-20,,"[""gtfs:fare_rules.txt:782979|fare_attributes.txt:781404|fare_id:2001194-1-3-4"",""gtfs:fare_rules.txt:782997|fare_attributes.txt:856888|fare_id:2001194-1-3-22""]",data/transit/hongkong/PublicTransportGTFS/gtfs.zip,e5ad020b79d0020625a4e8eb5428c2253a07705b71bfb809d8a3fa178032ce06,2,2,ambiguous,"[{""fare_attribute_line"":781404,""fare_id"":""2001194-1-3-4"",""fare_rule_line"":782979,""price"":6.3},{""fare_attribute_line"":856888,""fare_id"":""2001194-1-3-22"",""fare_rule_line"":782997,""price"":7.8}]",ambiguous,A,U,unresolved,official_json_routeSeq_exact_full_stop_pattern_plus_ordered_gtfs_stop_od,conflicting_published_amounts
exact_route_sequence_ordered_stop_od,GMB,line_gmb_2001194,gmb_2001194_1,2001194,1,1,20022867,20002474,unspecified_in_source,unspecified_in_source,unspecified_in_source,unspecified_in_source,unspecified_in_source,,,,pt_fare,,,not_encoded_in_source_revision_cutoff_only,2026-07-14,2026-07-20,,"[""gtfs:fare_rules.txt:783044|fare_attributes.txt:856912|fare_id:2001194-1-5-26"",""gtfs:fare_rules.txt:783251|fare_attributes.txt:782239|fare_id:2001194-1-23-26""]",data/transit/hongkong/PublicTransportGTFS/gtfs.zip,e5ad020b79d0020625a4e8eb5428c2253a07705b71bfb809d8a3fa178032ce06,2,2,ambiguous,"[{""fare_attribute_line"":856912,""fare_id"":""2001194-1-5-26"",""fare_rule_line"":783044,""price"":7.8},{""fare_attribute_line"":782239,""fare_id"":""2001194-1-23-26"",""fare_rule_line"":783251,""price"":6.3}]",ambiguous,A,U,unresolved,official_json_routeSeq_exact_full_stop_pattern_plus_ordered_gtfs_stop_od,conflicting_published_amounts
exact_route_sequence_ordered_stop_od,GMB,line_gmb_2001194,gmb_2001194_1,2001194,1,1,20022867,20003179,unspecified_in_source,unspecified_in_source,unspecified_in_source,unspecified_in_source,unspecified_in_source,,,,pt_fare,,,not_encoded_in_source_revision_cutoff_only,2026-07-14,2026-07-20,,"[""gtfs:fare_rules.txt:783043|fare_attributes.txt:856911|fare_id:2001194-1-5-25"",""gtfs:fare_rules.txt:783250|fare_attributes.txt:782238|fare_id:2001194-1-23-25""]",data/transit/hongkong/PublicTransportGTFS/gtfs.zip,e5ad020b79d0020625a4e8eb5428c2253a07705b71bfb809d8a3fa178032ce06,2,2,ambiguous,"[{""fare_attribute_line"":856911,""fare_id"":""2001194-1-5-25"",""fare_rule_line"":783043,""price"":7.8},{""fare_attribute_line"":782238,""fare_id"":""2001194-1-23-25"",""fare_rule_line"":783250,""price"":6.3}]",ambiguous,A,U,unresolved,official_json_routeSeq_exact_full_stop_pattern_plus_ordered_gtfs_stop_od,conflicting_published_amounts
exact_route_sequence_ordered_stop_od,GMB,line_gmb_2001194,gmb_2001194_1,2001194,1,1,20022867,20007543,unspecified_in_source,unspecified_in_source,unspecified_in_source,unspecified_in_source,unspecified_in_source,,,,pt_fare,,,not_encoded_in_source_revision_cutoff_only,2026-07-14,2026-07-20,,"[""gtfs:fare_rules.txt:783042|fare_attributes.txt:856910|fare_id:2001194-1-5-24"",""gtfs:fare_rules.txt:783249|fare_attributes.txt:782237|fare_id:2001194-1-23-24""]",data/transit/hongkong/PublicTransportGTFS/gtfs.zip,e5ad020b79d0020625a4e8eb5428c2253a07705b71bfb809d8a3fa178032ce06,2,2,ambiguous,"[{""fare_attribute_line"":856910,""fare_id"":""2001194-1-5-24"",""fare_rule_line"":783042,""price"":7.8},{""fare_attribute_line"":782237,""fare_id"":""2001194-1-23-24"",""fare_rule_line"":783249,""price"":6.3}]",ambiguous,A,U,unresolved,official_json_routeSeq_exact_full_stop_pattern_plus_ordered_gtfs_stop_od,conflicting_published_amounts
exact_route_sequence_ordered_stop_od,GMB,line_gmb_2001194,gmb_2001194_1,2001194,1,1,20023032,20002474,unspecified_in_source,unspecified_in_source,unspecified_in_source,unspecified_in_source,unspecified_in_source,,,,pt_fare,,,not_encoded_in_source_revision_cutoff_only,2026-07-14,2026-07-20,,"[""gtfs:fare_rules.txt:783023|fare_attributes.txt:856902|fare_id:2001194-1-4-26"",""gtfs:fare_rules.txt:783248|fare_attributes.txt:782236|fare_id:2001194-1-22-26""]",data/transit/hongkong/PublicTransportGTFS/gtfs.zip,e5ad020b79d0020625a4e8eb5428c2253a07705b71bfb809d8a3fa178032ce06,2,2,ambiguous,"[{""fare_attribute_line"":856902,""fare_id"":""2001194-1-4-26"",""fare_rule_line"":783023,""price"":7.8},{""fare_attribute_line"":782236,""fare_id"":""2001194-1-22-26"",""fare_rule_line"":783248,""price"":6.3}]",ambiguous,A,U,unresolved,official_json_routeSeq_exact_full_stop_pattern_plus_ordered_gtfs_stop_od,conflicting_published_amounts
exact_route_sequence_ordered_stop_od,GMB,line_gmb_2001194,gmb_2001194_1,2001194,1,1,20023032,20003179,unspecified_in_source,unspecified_in_source,unspecified_in_source,unspecified_in_source,unspecified_in_source,,,,pt_fare,,,not_encoded_in_source_revision_cutoff_only,2026-07-14,2026-07-20,,"[""gtfs:fare_rules.txt:783022|fare_attributes.txt:856901|fare_id:2001194-1-4-25"",""gtfs:fare_rules.txt:783247|fare_attributes.txt:782235|fare_id:2001194-1-22-25""]",data/transit/hongkong/PublicTransportGTFS/gtfs.zip,e5ad020b79d0020625a4e8eb5428c2253a07705b71bfb809d8a3fa178032ce06,2,2,ambiguous,"[{""fare_attribute_line"":856901,""fare_id"":""2001194-1-4-25"",""fare_rule_line"":783022,""price"":7.8},{""fare_attribute_line"":782235,""fare_id"":""2001194-1-22-25"",""fare_rule_line"":783247,""price"":6.3}]",ambiguous,A,U,unresolved,official_json_routeSeq_exact_full_stop_pattern_plus_ordered_gtfs_stop_od,conflicting_published_amounts
exact_route_sequence_ordered_stop_od,GMB,line_gmb_2001194,gmb_2001194_1,2001194,1,1,20023032,20007543,unspecified_in_source,unspecified_in_source,unspecified_in_source,unspecified_in_source,unspecified_in_source,,,,pt_fare,,,not_encoded_in_source_revision_cutoff_only,2026-07-14,2026-07-20,,"[""gtfs:fare_rules.txt:783021|fare_attributes.txt:856900|fare_id:2001194-1-4-24"",""gtfs:fare_rules.txt:783246|fare_attributes.txt:782234|fare_id:2001194-1-22-24""]",data/transit/hongkong/PublicTransportGTFS/gtfs.zip,e5ad020b79d0020625a4e8eb5428c2253a07705b71bfb809d8a3fa178032ce06,2,2,ambiguous,"[{""fare_attribute_line"":856900,""fare_id"":""2001194-1-4-24"",""fare_rule_line"":783021,""price"":7.8},{""fare_attribute_line"":782234,""fare_id"":""2001194-1-22-24"",""fare_rule_line"":783246,""price"":6.3}]",ambiguous,A,U,unresolved,official_json_routeSeq_exact_full_stop_pattern_plus_ordered_gtfs_stop_od,conflicting_published_amounts
exact_route_sequence_ordered_stop_od,GMB,line_gmb_2001194,gmb_2001194_1,2001194,1,1,20023032,20022867,unspecified_in_source,unspecified_in_source,unspecified_in_source,unspecified_in_source,unspecified_in_source,,,,pt_fare,,,not_encoded_in_source_revision_cutoff_only,2026-07-14,2026-07-20,,"[""gtfs:fare_rules.txt:783002|fare_attributes.txt:781417|fare_id:2001194-1-4-5"",""gtfs:fare_rules.txt:783020|fare_attributes.txt:856899|fare_id:2001194-1-4-23"",""gtfs:fare_rules.txt:783245|fare_attributes.txt:782233|fare_id:2001194-1-22-23""]",data/transit/hongkong/PublicTransportGTFS/gtfs.zip,e5ad020b79d0020625a4e8eb5428c2253a07705b71bfb809d8a3fa178032ce06,3,2,ambiguous,"[{""fare_attribute_line"":781417,""fare_id"":""2001194-1-4-5"",""fare_rule_line"":783002,""price"":6.3},{""fare_attribute_line"":856899,""fare_id"":""2001194-1-4-23"",""fare_rule_line"":783020,""price"":7.8},{""fare_attribute_line"":782233,""fare_id"":""2001194-1-22-23"",""fare_rule_line"":783245,""price"":6.3}]",ambiguous,A,U,unresolved,official_json_routeSeq_exact_full_stop_pattern_plus_ordered_gtfs_stop_od,conflicting_published_amounts
exact_route_sequence_ordered_stop_od,GMB,line_gmb_2001231,gmb_2001231_1,2001231,1,1,20001231,20008085,unspecified_in_source,unspecified_in_source,unspecified_in_source,unspecified_in_source,unspecified_in_source,,,,pt_fare,,,not_encoded_in_source_revision_cutoff_only,2026-07-14,2026-07-20,,"[""gtfs:fare_rules.txt:783726|fare_attributes.txt:782398|fare_id:2001231-1-1-4"",""gtfs:fare_rules.txt:783745|fare_attributes.txt:856248|fare_id:2001231-1-1-23""]",data/transit/hongkong/PublicTransportGTFS/gtfs.zip,e5ad020b79d0020625a4e8eb5428c2253a07705b71bfb809d8a3fa178032ce06,2,2,ambiguous,"[{""fare_attribute_line"":782398,""fare_id"":""2001231-1-1-4"",""fare_rule_line"":783726,""price"":5.6},{""fare_attribute_line"":856248,""fare_id"":""2001231-1-1-23"",""fare_rule_line"":783745,""price"":7.9}]",ambiguous,A,U,unresolved,official_json_routeSeq_exact_full_stop_pattern_plus_ordered_gtfs_stop_od,conflicting_published_amounts
exact_route_sequence_ordered_stop_od,GMB,line_gmb_2001231,gmb_2001231_1,2001231,1,1,20002281,20008085,unspecified_in_source,unspecified_in_source,unspecified_in_source,unspecified_in_source,unspecified_in_source,,,,pt_fare,,,not_encoded_in_source_revision_cutoff_only,2026-07-14,2026-07-20,,"[""gtfs:fare_rules.txt:783749|fare_attributes.txt:782410|fare_id:2001231-1-2-4"",""gtfs:fare_rules.txt:783768|fare_attributes.txt:856259|fare_id:2001231-1-2-23""]",data/transit/hongkong/PublicTransportGTFS/gtfs.zip,e5ad020b79d0020625a4e8eb5428c2253a07705b71bfb809d8a3fa178032ce06,2,2,ambiguous,"[{""fare_attribute_line"":782410,""fare_id"":""2001231-1-2-4"",""fare_rule_line"":783749,""price"":5.6},{""fare_attribute_line"":856259,""fare_id"":""2001231-1-2-23"",""fare_rule_line"":783768,""price"":7.9}]",ambiguous,A,U,unresolved,official_json_routeSeq_exact_full_stop_pattern_plus_ordered_gtfs_stop_od,conflicting_published_amounts
exact_route_sequence_ordered_stop_od,GMB,line_gmb_2001231,gmb_2001231_1,2001231,1,1,20002282,20008085,unspecified_in_source,unspecified_in_source,unspecified_in_source,unspecified_in_source,unspecified_in_source,,,,pt_fare,,,not_encoded_in_source_revision_cutoff_only,2026-07-14,2026-07-20,,"[""gtfs:fare_rules.txt:783771|fare_attributes.txt:782421|fare_id:2001231-1-3-4"",""gtfs:fare_rules.txt:783790|fare_attributes.txt:856270|fare_id:2001231-1-3-23""]",data/transit/hongkong/PublicTransportGTFS/gtfs.zip,e5ad020b79d0020625a4e8eb5428c2253a07705b71bfb809d8a3fa178032ce06,2,2,ambiguous,"[{""fare_attribute_line"":782421,""fare_id"":""2001231-1-3-4"",""fare_rule_line"":783771,""price"":5.6},{""fare_attribute_line"":856270,""fare_id"":""2001231-1-3-23"",""fare_rule_line"":783790,""price"":7.9}]",ambiguous,A,U,unresolved,official_json_routeSeq_exact_full_stop_pattern_plus_ordered_gtfs_stop_od,conflicting_published_amounts
exact_route_sequence_ordered_stop_od,GMB,line_gmb_2001231,gmb_2001231_1,2001231,1,1,20008085,20001231,unspecified_in_source,unspecified_in_source,unspecified_in_source,unspecified_in_source,unspecified_in_source,,,,pt_fare,,,not_encoded_in_source_revision_cutoff_only,2026-07-14,2026-07-20,,"[""gtfs:fare_rules.txt:783813|fare_attributes.txt:856283|fare_id:2001231-1-4-25"",""gtfs:fare_rules.txt:784022|fare_attributes.txt:781759|fare_id:2001231-1-23-25""]",data/transit/hongkong/PublicTransportGTFS/gtfs.zip,e5ad020b79d0020625a4e8eb5428c2253a07705b71bfb809d8a3fa178032ce06,2,2,ambiguous,"[{""fare_attribute_line"":856283,""fare_id"":""2001231-1-4-25"",""fare_rule_line"":783813,""price"":7.9},{""fare_attribute_line"":781759,""fare_id"":""2001231-1-23-25"",""fare_rule_line"":784022,""price"":5.6}]",ambiguous,A,U,unresolved,official_json_routeSeq_exact_full_stop_pattern_plus_ordered_gtfs_stop_od,conflicting_published_amounts
exact_route_sequence_ordered_stop_od,GMB,line_gmb_2001231,gmb_2001231_1,2001231,1,1,20008085,20002250,unspecified_in_source,unspecified_in_source,unspecified_in_source,unspecified_in_source,unspecified_in_source,,,,pt_fare,,,not_encoded_in_source_revision_cutoff_only,2026-07-14,2026-07-20,,"[""gtfs:fare_rules.txt:783812|fare_attributes.txt:856282|fare_id:2001231-1-4-24"",""gtfs:fare_rules.txt:784021|fare_attributes.txt:781758|fare_id:2001231-1-23-24""]",data/transit/hongkong/PublicTransportGTFS/gtfs.zip,e5ad020b79d0020625a4e8eb5428c2253a07705b71bfb809d8a3fa178032ce06,2,2,ambiguous,"[{""fare_attribute_line"":856282,""fare_id"":""2001231-1-4-24"",""fare_rule_line"":783812,""price"":7.9},{""fare_attribute_line"":781758,""fare_id"":""2001231-1-23-24"",""fare_rule_line"":784021,""price"":5.6}]",ambiguous,A,U,unresolved,official_json_routeSeq_exact_full_stop_pattern_plus_ordered_gtfs_stop_od,conflicting_published_amounts
exact_route_sequence_ordered_stop_od,GMB,line_gmb_2001473,gmb_2001473_1,2001473,1,1,20007654,20001193,unspecified_in_source,unspecified_in_source,unspecified_in_source,unspecified_in_source,unspecified_in_source,,,,pt_fare,,,not_encoded_in_source_revision_cutoff_only,2026-07-14,2026-07-20,,"[""gtfs:fare_rules.txt:791065|fare_attributes.txt:857734|fare_id:2001473-1-18-47"",""gtfs:fare_rules.txt:791335|fare_attributes.txt:787902|fare_id:2001473-1-30-47""]",data/transit/hongkong/PublicTransportGTFS/gtfs.zip,e5ad020b79d0020625a4e8eb5428c2253a07705b71bfb809d8a3fa178032ce06,2,2,ambiguous,"[{""fare_attribute_line"":857734,""fare_id"":""2001473-1-18-47"",""fare_rule_line"":791065,""price"":7.2},{""fare_attribute_line"":787902,""fare_id"":""2001473-1-30-47"",""fare_rule_line"":791335,""price"":8.3}]",ambiguous,A,U,unresolved,official_json_routeSeq_exact_full_stop_pattern_plus_ordered_gtfs_stop_od,conflicting_published_amounts
exact_route_sequence_ordered_stop_od,GMB,line_gmb_2001473,gmb_2001473_1,2001473,1,1,20007654,20001203,unspecified_in_source,unspecified_in_source,unspecified_in_source,unspecified_in_source,unspecified_in_source,,,,pt_fare,,,not_encoded_in_source_revision_cutoff_only,2026-07-14,2026-07-20,,"[""gtfs:fare_rules.txt:791061|fare_attributes.txt:857730|fare_id:2001473-1-18-43"",""gtfs:fare_rules.txt:791331|fare_attributes.txt:787898|fare_id:2001473-1-30-43""]",data/transit/hongkong/PublicTransportGTFS/gtfs.zip,e5ad020b79d0020625a4e8eb5428c2253a07705b71bfb809d8a3fa178032ce06,2,2,ambiguous,"[{""fare_attribute_line"":857730,""fare_id"":""2001473-1-18-43"",""fare_rule_line"":791061,""price"":7.2},{""fare_attribute_line"":787898,""fare_id"":""2001473-1-30-43"",""fare_rule_line"":791331,""price"":8.3}]",ambiguous,A,U,unresolved,official_json_routeSeq_exact_full_stop_pattern_plus_ordered_gtfs_stop_od,conflicting_published_amounts
exact_route_sequence_ordered_stop_od,GMB,line_gmb_2000993,gmb_2000993_1,2000993,1,1,20001162,20001163,unspecified_in_source,unspecified_in_source,unspecified_in_source,unspecified_in_source,unspecified_in_source,,,,pt_fare,,,not_encoded_in_source_revision_cutoff_only,2026-07-14,2026-07-20,,"[""gtfs:fare_rules.txt:776766|fare_attributes.txt:775986|fare_id:2000993-1-17-18"",""gtfs:fare_rules.txt:776803|fare_attributes.txt:776023|fare_id:2000993-2-3-4""]",data/transit/hongkong/PublicTransportGTFS/gtfs.zip,e5ad020b79d0020625a4e8eb5428c2253a07705b71bfb809d8a3fa178032ce06,2,1,unresolved_duplicate_identical,"[{""fare_attribute_line"":775986,""fare_id"":""2000993-1-17-18"",""fare_rule_line"":776766,""price"":6.5},{""fare_attribute_line"":776023,""fare_id"":""2000993-2-3-4"",""fare_rule_line"":776803,""price"":6.5}]",unresolved,A,U,unresolved,official_json_routeSeq_exact_full_stop_pattern_plus_ordered_gtfs_stop_od,multiple_identical_source_records_no_default_selection
exact_route_sequence_ordered_stop_od,GMB,line_gmb_2000993,gmb_2000993_2,2000993,2,2,20001162,20001163,unspecified_in_source,unspecified_in_source,unspecified_in_source,unspecified_in_source,unspecified_in_source,,,,pt_fare,,,not_encoded_in_source_revision_cutoff_only,2026-07-14,2026-07-20,,"[""gtfs:fare_rules.txt:776766|fare_attributes.txt:775986|fare_id:2000993-1-17-18"",""gtfs:fare_rules.txt:776803|fare_attributes.txt:776023|fare_id:2000993-2-3-4""]",data/transit/hongkong/PublicTransportGTFS/gtfs.zip,e5ad020b79d0020625a4e8eb5428c2253a07705b71bfb809d8a3fa178032ce06,2,1,unresolved_duplicate_identical,"[{""fare_attribute_line"":775986,""fare_id"":""2000993-1-17-18"",""fare_rule_line"":776766,""price"":6.5},{""fare_attribute_line"":776023,""fare_id"":""2000993-2-3-4"",""fare_rule_line"":776803,""price"":6.5}]",unresolved,A,U,unresolved,official_json_routeSeq_exact_full_stop_pattern_plus_ordered_gtfs_stop_od,multiple_identical_source_records_no_default_selection
exact_route_sequence_ordered_stop_od,GMB,line_gmb_2001005,gmb_2001005_1,2001005,1,1,20000489,20000704,unspecified_in_source,unspecified_in_source,unspecified_in_source,unspecified_in_source,unspecified_in_source,,,,pt_fare,,,not_encoded_in_source_revision_cutoff_only,2026-07-14,2026-07-20,,"[""gtfs:fare_rules.txt:779178|fare_attributes.txt:778192|fare_id:2001005-1-1-7"",""gtfs:fare_rules.txt:779194|fare_attributes.txt:855907|fare_id:2001005-1-1-23""]",data/transit/hongkong/PublicTransportGTFS/gtfs.zip,e5ad020b79d0020625a4e8eb5428c2253a07705b71bfb809d8a3fa178032ce06,2,1,unresolved_duplicate_identical,"[{""fare_attribute_line"":778192,""fare_id"":""2001005-1-1-7"",""fare_rule_line"":779178,""price"":6.2},{""fare_attribute_line"":855907,""fare_id"":""2001005-1-1-23"",""fare_rule_line"":779194,""price"":6.2}]",unresolved,A,U,unresolved,official_json_routeSeq_exact_full_stop_pattern_plus_ordered_gtfs_stop_od,multiple_identical_source_records_no_default_selection
exact_route_sequence_ordered_stop_od,GMB,line_gmb_2001005,gmb_2001005_1,2001005,1,1,20000704,20000440,unspecified_in_source,unspecified_in_source,unspecified_in_source,unspecified_in_source,unspecified_in_source,,,,pt_fare,,,not_encoded_in_source_revision_cutoff_only,2026-07-14,2026-07-20,,"[""gtfs:fare_rules.txt:779336|fare_attributes.txt:856691|fare_id:2001005-1-7-24"",""gtfs:fare_rules.txt:779536|fare_attributes.txt:778271|fare_id:2001005-1-23-24""]",data/transit/hongkong/PublicTransportGTFS/gtfs.zip,e5ad020b79d0020625a4e8eb5428c2253a07705b71bfb809d8a3fa178032ce06,2,1,unresolved_duplicate_identical,"[{""fare_attribute_line"":856691,""fare_id"":""2001005-1-7-24"",""fare_rule_line"":779336,""price"":6.2},{""fare_attribute_line"":778271,""fare_id"":""2001005-1-23-24"",""fare_rule_line"":779536,""price"":6.2}]",unresolved,A,U,unresolved,official_json_routeSeq_exact_full_stop_pattern_plus_ordered_gtfs_stop_od,multiple_identical_source_records_no_default_selection
exact_route_sequence_ordered_stop_od,GMB,line_gmb_2001005,gmb_2001005_1,2001005,1,1,20000704,20000489,unspecified_in_source,unspecified_in_source,unspecified_in_source,unspecified_in_source,unspecified_in_source,,,,pt_fare,,,not_encoded_in_source_revision_cutoff_only,2026-07-14,2026-07-20,,"[""gtfs:fare_rules.txt:779340|fare_attributes.txt:856695|fare_id:2001005-1-7-28"",""gtfs:fare_rules.txt:779540|fare_attributes.txt:778275|fare_id:2001005-1-23-28""]",data/transit/hongkong/PublicTransportGTFS/gtfs.zip,e5ad020b79d0020625a4e8eb5428c2253a07705b71bfb809d8a3fa178032ce06,2,1,unresolved_duplicate_identical,"[{""fare_attribute_line"":856695,""fare_id"":""2001005-1-7-28"",""fare_rule_line"":779340,""price"":6.2},{""fare_attribute_line"":778275,""fare_id"":""2001005-1-23-28"",""fare_rule_line"":779540,""price"":6.2}]",unresolved,A,U,unresolved,official_json_routeSeq_exact_full_stop_pattern_plus_ordered_gtfs_stop_od,multiple_identical_source_records_no_default_selection
exact_route_sequence_ordered_stop_od,GMB,line_gmb_2001005,gmb_2001005_1,2001005,1,1,20000704,20000508,unspecified_in_source,unspecified_in_source,unspecified_in_source,unspecified_in_source,unspecified_in_source,,,,pt_fare,,,not_encoded_in_source_revision_cutoff_only,2026-07-14,2026-07-20,,"[""gtfs:fare_rules.txt:779339|fare_attributes.txt:856694|fare_id:2001005-1-7-27"",""gtfs:fare_rules.txt:779539|fare_attributes.txt:778274|fare_id:2001005-1-23-27""]",data/transit/hongkong/PublicTransportGTFS/gtfs.zip,e5ad020b79d0020625a4e8eb5428c2253a07705b71bfb809d8a3fa178032ce06,2,1,unresolved_duplicate_identical,"[{""fare_attribute_line"":856694,""fare_id"":""2001005-1-7-27"",""fare_rule_line"":779339,""price"":6.2},{""fare_attribute_line"":778274,""fare_id"":""2001005-1-23-27"",""fare_rule_line"":779539,""price"":6.2}]",unresolved,A,U,unresolved,official_json_routeSeq_exact_full_stop_pattern_plus_ordered_gtfs_stop_od,multiple_identical_source_records_no_default_selection
exact_route_sequence_ordered_stop_od,GMB,line_gmb_2001005,gmb_2001005_1,2001005,1,1,20000704,20002012,unspecified_in_source,unspecified_in_source,unspecified_in_source,unspecified_in_source,unspecified_in_source,,,,pt_fare,,,not_encoded_in_source_revision_cutoff_only,2026-07-14,2026-07-20,,"[""gtfs:fare_rules.txt:779338|fare_attributes.txt:856693|fare_id:2001005-1-7-26"",""gtfs:fare_rules.txt:779538|fare_attributes.txt:778273|fare_id:2001005-1-23-26""]",data/transit/hongkong/PublicTransportGTFS/gtfs.zip,e5ad020b79d0020625a4e8eb5428c2253a07705b71bfb809d8a3fa178032ce06,2,1,unresolved_duplicate_identical,"[{""fare_attribute_line"":856693,""fare_id"":""2001005-1-7-26"",""fare_rule_line"":779338,""price"":6.2},{""fare_attribute_line"":778273,""fare_id"":""2001005-1-23-26"",""fare_rule_line"":779538,""price"":6.2}]",unresolved,A,U,unresolved,official_json_routeSeq_exact_full_stop_pattern_plus_ordered_gtfs_stop_od,multiple_identical_source_records_no_default_selection
exact_route_sequence_ordered_stop_od,GMB,line_gmb_2001005,gmb_2001005_1,2001005,1,1,20000704,20006055,unspecified_in_source,unspecified_in_source,unspecified_in_source,unspecified_in_source,unspecified_in_source,,,,pt_fare,,,not_encoded_in_source_revision_cutoff_only,2026-07-14,2026-07-20,,"[""gtfs:fare_rules.txt:779337|fare_attributes.txt:856692|fare_id:2001005-1-7-25"",""gtfs:fare_rules.txt:779537|fare_attributes.txt:778272|fare_id:2001005-1-23-25""]",data/transit/hongkong/PublicTransportGTFS/gtfs.zip,e5ad020b79d0020625a4e8eb5428c2253a07705b71bfb809d8a3fa178032ce06,2,1,unresolved_duplicate_identical,"[{""fare_attribute_line"":856692,""fare_id"":""2001005-1-7-25"",""fare_rule_line"":779337,""price"":6.2},{""fare_attribute_line"":778272,""fare_id"":""2001005-1-23-25"",""fare_rule_line"":779537,""price"":6.2}]",unresolved,A,U,unresolved,official_json_routeSeq_exact_full_stop_pattern_plus_ordered_gtfs_stop_od,multiple_identical_source_records_no_default_selection
exact_route_sequence_ordered_stop_od,GMB,line_gmb_2001005,gmb_2001005_1,2001005,1,1,20000733,20000704,unspecified_in_source,unspecified_in_source,unspecified_in_source,unspecified_in_source,unspecified_in_source,,,,pt_fare,,,not_encoded_in_source_revision_cutoff_only,2026-07-14,2026-07-20,,"[""gtfs:fare_rules.txt:779204|fare_attributes.txt:778203|fare_id:2001005-1-2-7"",""gtfs:fare_rules.txt:779220|fare_attributes.txt:855922|fare_id:2001005-1-2-23""]",data/transit/hongkong/PublicTransportGTFS/gtfs.zip,e5ad020b79d0020625a4e8eb5428c2253a07705b71bfb809d8a3fa178032ce06,2,1,unresolved_duplicate_identical,"[{""fare_attribute_line"":778203,""fare_id"":""2001005-1-2-7"",""fare_rule_line"":779204,""price"":6.2},{""fare_attribute_line"":855922,""fare_id"":""2001005-1-2-23"",""fare_rule_line"":779220,""price"":6.2}]",unresolved,A,U,unresolved,official_json_routeSeq_exact_full_stop_pattern_plus_ordered_gtfs_stop_od,multiple_identical_source_records_no_default_selection
exact_route_sequence_ordered_stop_od,GMB,line_gmb_2001005,gmb_2001005_1,2001005,1,1,20000772,20000704,unspecified_in_source,unspecified_in_source,unspecified_in_source,unspecified_in_source,unspecified_in_source,,,,pt_fare,,,not_encoded_in_source_revision_cutoff_only,2026-07-14,2026-07-20,,"[""gtfs:fare_rules.txt:779253|fare_attributes.txt:778915|fare_id:2001005-1-4-7"",""gtfs:fare_rules.txt:779269|fare_attributes.txt:856645|fare_id:2001005-1-4-23""]",data/transit/hongkong/PublicTransportGTFS/gtfs.zip,e5ad020b79d0020625a4e8eb5428c2253a07705b71bfb809d8a3fa178032ce06,2,1,unresolved_duplicate_identical,"[{""fare_attribute_line"":778915,""fare_id"":""2001005-1-4-7"",""fare_rule_line"":779253,""price"":6.2},{""fare_attribute_line"":856645,""fare_id"":""2001005-1-4-23"",""fare_rule_line"":779269,""price"":6.2}]",unresolved,A,U,unresolved,official_json_routeSeq_exact_full_stop_pattern_plus_ordered_gtfs_stop_od,multiple_identical_source_records_no_default_selection
exact_route_sequence_ordered_stop_od,GMB,line_gmb_2001005,gmb_2001005_1,2001005,1,1,20006061,20000704,unspecified_in_source,unspecified_in_source,unspecified_in_source,unspecified_in_source,unspecified_in_source,,,,pt_fare,,,not_encoded_in_source_revision_cutoff_only,2026-07-14,2026-07-20,,"[""gtfs:fare_rules.txt:779276|fare_attributes.txt:778923|fare_id:2001005-1-5-7"",""gtfs:fare_rules.txt:779292|fare_attributes.txt:856660|fare_id:2001005-1-5-23""]",data/transit/hongkong/PublicTransportGTFS/gtfs.zip,e5ad020b79d0020625a4e8eb5428c2253a07705b71bfb809d8a3fa178032ce06,2,1,unresolved_duplicate_identical,"[{""fare_attribute_line"":778923,""fare_id"":""2001005-1-5-7"",""fare_rule_line"":779276,""price"":6.2},{""fare_attribute_line"":856660,""fare_id"":""2001005-1-5-23"",""fare_rule_line"":779292,""price"":6.2}]",unresolved,A,U,unresolved,official_json_routeSeq_exact_full_stop_pattern_plus_ordered_gtfs_stop_od,multiple_identical_source_records_no_default_selection
exact_route_sequence_ordered_stop_od,GMB,line_gmb_2001005,gmb_2001005_1,2001005,1,1,20006062,20000704,unspecified_in_source,unspecified_in_source,unspecified_in_source,unspecified_in_source,unspecified_in_source,,,,pt_fare,,,not_encoded_in_source_revision_cutoff_only,2026-07-14,2026-07-20,,"[""gtfs:fare_rules.txt:779298|fare_attributes.txt:778930|fare_id:2001005-1-6-7"",""gtfs:fare_rules.txt:779314|fare_attributes.txt:856675|fare_id:2001005-1-6-23""]",data/transit/hongkong/PublicTransportGTFS/gtfs.zip,e5ad020b79d0020625a4e8eb5428c2253a07705b71bfb809d8a3fa178032ce06,2,1,unresolved_duplicate_identical,"[{""fare_attribute_line"":778930,""fare_id"":""2001005-1-6-7"",""fare_rule_line"":779298,""price"":6.2},{""fare_attribute_line"":856675,""fare_id"":""2001005-1-6-23"",""fare_rule_line"":779314,""price"":6.2}]",unresolved,A,U,unresolved,official_json_routeSeq_exact_full_stop_pattern_plus_ordered_gtfs_stop_od,multiple_identical_source_records_no_default_selection
exact_route_sequence_ordered_stop_od,GMB,line_gmb_2001005,gmb_2001005_1,2001005,1,1,20008189,20000704,unspecified_in_source,unspecified_in_source,unspecified_in_source,unspecified_in_source,unspecified_in_source,,,,pt_fare,,,not_encoded_in_source_revision_cutoff_only,2026-07-14,2026-07-20,,"[""gtfs:fare_rules.txt:779229|fare_attributes.txt:778906|fare_id:2001005-1-3-7"",""gtfs:fare_rules.txt:779245|fare_attributes.txt:856630|fare_id:2001005-1-3-23""]",data/transit/hongkong/PublicTransportGTFS/gtfs.zip,e5ad020b79d0020625a4e8eb5428c2253a07705b71bfb809d8a3fa178032ce06,2,1,unresolved_duplicate_identical,"[{""fare_attribute_line"":778906,""fare_id"":""2001005-1-3-7"",""fare_rule_line"":779229,""price"":6.2},{""fare_attribute_line"":856630,""fare_id"":""2001005-1-3-23"",""fare_rule_line"":779245,""price"":6.2}]",unresolved,A,U,unresolved,official_json_routeSeq_exact_full_stop_pattern_plus_ordered_gtfs_stop_od,multiple_identical_source_records_no_default_selection
exact_route_sequence_ordered_stop_od,GMB,line_gmb_2001012,gmb_2001012_1,2001012,1,1,20001327,20001333,unspecified_in_source,unspecified_in_source,unspecified_in_source,unspecified_in_source,unspecified_in_source,,,,pt_fare,,,not_encoded_in_source_revision_cutoff_only,2026-07-14,2026-07-20,,"[""gtfs:fare_rules.txt:779804|fare_attributes.txt:779106|fare_id:2001012-1-1-3"",""gtfs:fare_rules.txt:779816|fare_attributes.txt:856011|fare_id:2001012-1-1-15""]",data/transit/hongkong/PublicTransportGTFS/gtfs.zip,e5ad020b79d0020625a4e8eb5428c2253a07705b71bfb809d8a3fa178032ce06,2,1,unresolved_duplicate_identical,"[{""fare_attribute_line"":779106,""fare_id"":""2001012-1-1-3"",""fare_rule_line"":779804,""price"":5.8},{""fare_attribute_line"":856011,""fare_id"":""2001012-1-1-15"",""fare_rule_line"":779816,""price"":5.8}]",unresolved,A,U,unresolved,official_json_routeSeq_exact_full_stop_pattern_plus_ordered_gtfs_stop_od,multiple_identical_source_records_no_default_selection
exact_route_sequence_ordered_stop_od,GMB,line_gmb_2001012,gmb_2001012_1,2001012,1,1,20001333,20001327,unspecified_in_source,unspecified_in_source,unspecified_in_source,unspecified_in_source,unspecified_in_source,,,,pt_fare,,,not_encoded_in_source_revision_cutoff_only,2026-07-14,2026-07-20,,"[""gtfs:fare_rules.txt:779847|fare_attributes.txt:856722|fare_id:2001012-1-3-17"",""gtfs:fare_rules.txt:779937|fare_attributes.txt:779175|fare_id:2001012-1-15-17""]",data/transit/hongkong/PublicTransportGTFS/gtfs.zip,e5ad020b79d0020625a4e8eb5428c2253a07705b71bfb809d8a3fa178032ce06,2,1,unresolved_duplicate_identical,"[{""fare_attribute_line"":856722,""fare_id"":""2001012-1-3-17"",""fare_rule_line"":779847,""price"":5.8},{""fare_attribute_line"":779175,""fare_id"":""2001012-1-15-17"",""fare_rule_line"":779937,""price"":5.8}]",unresolved,A,U,unresolved,official_json_routeSeq_exact_full_stop_pattern_plus_ordered_gtfs_stop_od,multiple_identical_source_records_no_default_selection
exact_route_sequence_ordered_stop_od,GMB,line_gmb_2001012,gmb_2001012_1,2001012,1,1,20001333,20007762,unspecified_in_source,unspecified_in_source,unspecified_in_source,unspecified_in_source,unspecified_in_source,,,,pt_fare,,,not_encoded_in_source_revision_cutoff_only,2026-07-14,2026-07-20,,"[""gtfs:fare_rules.txt:779846|fare_attributes.txt:856721|fare_id:2001012-1-3-16"",""gtfs:fare_rules.txt:779936|fare_attributes.txt:779174|fare_id:2001012-1-15-16""]",data/transit/hongkong/PublicTransportGTFS/gtfs.zip,e5ad020b79d0020625a4e8eb5428c2253a07705b71bfb809d8a3fa178032ce06,2,1,unresolved_duplicate_identical,"[{""fare_attribute_line"":856721,""fare_id"":""2001012-1-3-16"",""fare_rule_line"":779846,""price"":5.8},{""fare_attribute_line"":779174,""fare_id"":""2001012-1-15-16"",""fare_rule_line"":779936,""price"":5.8}]",unresolved,A,U,unresolved,official_json_routeSeq_exact_full_stop_pattern_plus_ordered_gtfs_stop_od,multiple_identical_source_records_no_default_selection
exact_route_sequence_ordered_stop_od,GMB,line_gmb_2001012,gmb_2001012_1,2001012,1,1,20005037,20001333,unspecified_in_source,unspecified_in_source,unspecified_in_source,unspecified_in_source,unspecified_in_source,,,,pt_fare,,,not_encoded_in_source_revision_cutoff_only,2026-07-14,2026-07-20,,"[""gtfs:fare_rules.txt:779819|fare_attributes.txt:779113|fare_id:2001012-1-2-3"",""gtfs:fare_rules.txt:779831|fare_attributes.txt:856019|fare_id:2001012-1-2-15""]",data/transit/hongkong/PublicTransportGTFS/gtfs.zip,e5ad020b79d0020625a4e8eb5428c2253a07705b71bfb809d8a3fa178032ce06,2,1,unresolved_duplicate_identical,"[{""fare_attribute_line"":779113,""fare_id"":""2001012-1-2-3"",""fare_rule_line"":779819,""price"":5.8},{""fare_attribute_line"":856019,""fare_id"":""2001012-1-2-15"",""fare_rule_line"":779831,""price"":5.8}]",unresolved,A,U,unresolved,official_json_routeSeq_exact_full_stop_pattern_plus_ordered_gtfs_stop_od,multiple_identical_source_records_no_default_selection
exact_route_sequence_ordered_stop_od,GMB,line_gmb_2001128,gmb_2001128_1,2001128,1,1,20002183,20002187,unspecified_in_source,unspecified_in_source,unspecified_in_source,unspecified_in_source,unspecified_in_source,,,,pt_fare,,,not_encoded_in_source_revision_cutoff_only,2026-07-14,2026-07-20,,"[""gtfs:fare_rules.txt:781235|fare_attributes.txt:779800|fare_id:2001128-1-4-5"",""gtfs:fare_rules.txt:781420|fare_attributes.txt:780678|fare_id:2001128-2-14-15""]",data/transit/hongkong/PublicTransportGTFS/gtfs.zip,e5ad020b79d0020625a4e8eb5428c2253a07705b71bfb809d8a3fa178032ce06,2,1,unresolved_duplicate_identical,"[{""fare_attribute_line"":779800,""fare_id"":""2001128-1-4-5"",""fare_rule_line"":781235,""price"":8.1},{""fare_attribute_line"":780678,""fare_id"":""2001128-2-14-15"",""fare_rule_line"":781420,""price"":8.1}]",unresolved,A,U,unresolved,official_json_routeSeq_exact_full_stop_pattern_plus_ordered_gtfs_stop_od,multiple_identical_source_records_no_default_selection
exact_route_sequence_ordered_stop_od,GMB,line_gmb_2001128,gmb_2001128_1,2001128,1,1,20004533,20002183,unspecified_in_source,unspecified_in_source,unspecified_in_source,unspecified_in_source,unspecified_in_source,,,,pt_fare,,,not_encoded_in_source_revision_cutoff_only,2026-07-14,2026-07-20,,"[""gtfs:fare_rules.txt:781224|fare_attributes.txt:780581|fare_id:2001128-1-3-4"",""gtfs:fare_rules.txt:781416|fare_attributes.txt:780674|fare_id:2001128-2-13-14""]",data/transit/hongkong/PublicTransportGTFS/gtfs.zip,e5ad020b79d0020625a4e8eb5428c2253a07705b71bfb809d8a3fa178032ce06,2,1,unresolved_duplicate_identical,"[{""fare_attribute_line"":780581,""fare_id"":""2001128-1-3-4"",""fare_rule_line"":781224,""price"":8.1},{""fare_attribute_line"":780674,""fare_id"":""2001128-2-13-14"",""fare_rule_line"":781416,""price"":8.1}]",unresolved,A,U,unresolved,official_json_routeSeq_exact_full_stop_pattern_plus_ordered_gtfs_stop_od,multiple_identical_source_records_no_default_selection
exact_route_sequence_ordered_stop_od,GMB,line_gmb_2001128,gmb_2001128_1,2001128,1,1,20004533,20002187,unspecified_in_source,unspecified_in_source,unspecified_in_source,unspecified_in_source,unspecified_in_source,,,,pt_fare,,,not_encoded_in_source_revision_cutoff_only,2026-07-14,2026-07-20,,"[""gtfs:fare_rules.txt:781225|fare_attributes.txt:780582|fare_id:2001128-1-3-5"",""gtfs:fare_rules.txt:781417|fare_attributes.txt:780675|fare_id:2001128-2-13-15""]",data/transit/hongkong/PublicTransportGTFS/gtfs.zip,e5ad020b79d0020625a4e8eb5428c2253a07705b71bfb809d8a3fa178032ce06,2,1,unresolved_duplicate_identical,"[{""fare_attribute_line"":780582,""fare_id"":""2001128-1-3-5"",""fare_rule_line"":781225,""price"":8.1},{""fare_attribute_line"":780675,""fare_id"":""2001128-2-13-15"",""fare_rule_line"":781417,""price"":8.1}]",unresolved,A,U,unresolved,official_json_routeSeq_exact_full_stop_pattern_plus_ordered_gtfs_stop_od,multiple_identical_source_records_no_default_selection
