vehicle_id,link_id,x,y,road_class,freespeed_kmh,capacity,permlanes,service_begin_s,service_end_s,link_vehicle_count
ride_hailing_00001,l_927_3_f,714905.944,2894040.637,secondary,60.012,300.000,2.000,9264,38064,1
ride_hailing_00002,l_2803_0_r,728129.845,2888569.803,local,29.988,200.000,1.000,10699,39499,1
ride_hailing_00003,l_1873_2_f,731136.064,2882836.468,tertiary,50.004,300.000,1.000,10775,39575,1
ride_hailing_00004,l_7781_0_f,729114.305,2879616.845,tertiary,50.004,300.000,1.000,10803,39603,1
ride_hailing_00005,l_6771_0_f,734178.135,2884884.860,secondary,60.012,300.000,2.000,10847,39647,1
ride_hailing_00006,l_3844_0_f,739068.201,2877502.316,local,20.016,100.000,1.000,10859,39659,1
ride_hailing_00007,l_3829_1_f,727954.500,2893625.624,local,20.016,100.000,1.000,10930,39730,1
ride_hailing_00008,l_9390_0_r,723515.193,2883091.150,tertiary,50.004,300.000,1.000,11061,39861,1
ride_hailing_00009,l_2404_3_f,733150.297,2881735.070,trunk_primary,60.012,300.000,4.000,11090,39890,1
ride_hailing_00010,l_2938_0_f,729722.339,2888879.874,tertiary,50.004,300.000,1.000,11118,39918,1
ride_hailing_00011,l_528_0_f,733032.828,2886336.197,secondary,60.012,300.000,1.000,11169,39969,1
ride_hailing_00012,l_1409_0_f,727219.626,2887207.657,tertiary,50.004,300.000,1.000,11231,40031,1
ride_hailing_00013,l_4174_0_f,734509.299,2884977.028,secondary,60.012,300.000,2.000,11338,40138,1
ride_hailing_00014,l_9808_5_f,723441.425,2882905.533,local,20.016,100.000,1.000,11402,40202,1
ride_hailing_00015,l_2266_6_f,730343.291,2892285.105,secondary,60.012,300.000,2.000,11654,40454,1
ride_hailing_00016,syn_bus_link_000383,747463.425,2879530.316,synthetic,50.004,300.000,1.000,11723,40523,1
ride_hailing_00017,l_3378_0_f,728506.240,2878579.152,tertiary,50.004,300.000,1.000,11725,40525,1
ride_hailing_00018,l_8963_1_f,733134.127,2883049.739,secondary,60.012,300.000,2.000,11745,40545,1
ride_hailing_00019,l_5549_0_f,729941.047,2885829.511,local,29.988,200.000,1.000,11783,40583,1
ride_hailing_00020,syn_bus_connector_000879,728368.170,2881810.664,synthetic,50.004,300.000,1.000,11837,40637,1
ride_hailing_00021,l_2882_1_r,715650.468,2895202.248,tertiary,50.004,300.000,1.000,11890,40690,1
ride_hailing_00022,l_2405_5_f,725837.605,2883658.055,secondary,60.012,300.000,2.000,11927,40727,1
ride_hailing_00023,syn_bus_link_002040,722121.806,2892574.724,synthetic,50.004,300.000,1.000,12121,40921,1
ride_hailing_00024,l_1887_0_f,745997.917,2876908.037,tertiary,50.004,300.000,1.000,12124,40924,1
ride_hailing_00025,l_3139_1_f,728610.198,2886971.690,secondary,60.012,300.000,2.000,12139,40939,1
ride_hailing_00026,l_4047_5_f,727988.194,2880595.110,tertiary,39.996,200.000,1.000,12149,40949,1
ride_hailing_00027,l_4869_4_r,729491.595,2882380.771,local,20.016,100.000,1.000,12245,41045,1
ride_hailing_00028,l_5966_1_f,732538.784,2884701.458,tertiary,50.004,300.000,1.000,12279,41079,2
ride_hailing_00029,l_10364_3_r,728661.411,2890372.272,tertiary,50.004,300.000,1.000,12286,41086,1
ride_hailing_00030,l_919_2_r,727310.890,2891377.169,tertiary,50.004,300.000,1.000,12308,41108,1
ride_hailing_00031,l_7821_4_f,714413.220,2892778.961,secondary,60.012,300.000,2.000,12320,41120,1
ride_hailing_00032,l_10200_1_f,724937.183,2882763.254,local,20.016,100.000,1.000,12343,41143,1
ride_hailing_00033,l_7435_8_f,737336.440,2880415.485,trunk_primary,60.012,300.000,3.000,12361,41161,1
ride_hailing_00034,l_6715_1_r,731172.454,2881064.282,local,29.988,200.000,1.000,12364,41164,1
ride_hailing_00035,l_2385_5_f,727059.468,2886651.512,secondary,60.012,300.000,2.000,12365,41165,2
ride_hailing_00036,l_2053_0_f,741564.035,2881450.942,local,20.016,100.000,1.000,12385,41185,1
ride_hailing_00037,l_3011_0_f,730038.954,2880593.299,trunk_primary,79.992,300.000,3.000,12501,41301,1
ride_hailing_00038,l_4458_1_f,732217.252,2887269.720,trunk_primary,79.992,300.000,3.000,12528,41328,1
ride_hailing_00039,l_1367_0_f,732167.489,2888139.308,trunk_primary,79.992,300.000,3.000,12532,41332,1
ride_hailing_00040,l_6277_0_f,735226.875,2882429.337,secondary,60.012,300.000,2.000,12635,41435,1
ride_hailing_00041,l_758_11_f,723771.694,2882336.062,secondary,60.012,300.000,2.000,12692,41492,1
ride_hailing_00042,l_2386_2_f,728165.146,2886004.998,secondary,79.992,300.000,2.000,12734,41534,1
ride_hailing_00043,l_1477_1_f,726844.010,2885580.507,tertiary,50.004,300.000,1.000,12817,41617,1
ride_hailing_00044,syn_bus_connector_000436,746381.312,2878243.504,synthetic,50.004,300.000,1.000,12949,41749,1
ride_hailing_00045,l_3624_0_f,729328.572,2891567.042,tertiary,50.004,300.000,1.000,12956,41756,1
ride_hailing_00046,l_4423_0_f,731672.679,2884491.329,trunk_primary,79.992,300.000,3.000,13059,41859,1
ride_hailing_00047,l_5010_0_r,714101.667,2894725.131,local,29.988,200.000,1.000,13120,41920,1
ride_hailing_00048,l_7552_2_f,734543.765,2882243.932,trunk_primary,79.992,300.000,3.000,13165,41965,1
ride_hailing_00049,l_7654_1_f,730916.370,2883968.933,secondary,60.012,300.000,2.000,13191,41991,1
ride_hailing_00050,l_2301_1_f,733964.627,2883695.695,trunk_primary,60.012,300.000,3.000,13226,42026,1
ride_hailing_00051,l_918_3_f,729207.672,2891711.612,secondary,60.012,300.000,2.000,13271,42071,1
ride_hailing_00052,l_1577_0_r,731475.105,2884060.184,tertiary,50.004,300.000,1.000,13310,42110,1
ride_hailing_00053,l_4738_6_f,733435.282,2886330.798,tertiary,39.996,300.000,1.000,13403,42203,1
ride_hailing_00054,l_7612_0_f,729347.330,2893524.350,secondary,60.012,300.000,2.000,13445,42245,1
ride_hailing_00055,l_49_7_f,730827.937,2880282.334,secondary,60.012,300.000,2.000,13476,42276,1
ride_hailing_00056,l_2849_3_f,734160.680,2880088.584,secondary,60.012,300.000,2.000,13514,42314,1
ride_hailing_00057,l_4047_4_r,727994.781,2880553.913,tertiary,39.996,200.000,1.000,13571,42371,1
ride_hailing_00058,l_7920_0_f,715462.205,2893286.286,secondary,60.012,300.000,2.000,13594,42394,1
ride_hailing_00059,l_10874_0_f,727667.160,2888741.214,secondary,60.012,300.000,1.000,13596,42396,1
ride_hailing_00060,l_3136_0_f,728279.647,2889650.136,tertiary,50.004,300.000,1.000,13606,42406,1
ride_hailing_00061,l_1531_0_f,727372.968,2887622.812,local,29.988,200.000,1.000,13616,42416,1
ride_hailing_00062,l_3329_1_f,729323.068,2891628.343,secondary,60.012,300.000,2.000,13670,42470,1
ride_hailing_00063,l_3418_0_f,729924.502,2883022.610,trunk_primary,79.992,300.000,3.000,13697,42497,1
ride_hailing_00064,l_3492_0_f,738155.382,2881284.743,secondary,60.012,300.000,1.000,13703,42503,1
ride_hailing_00065,l_6880_0_r,732369.063,2888907.987,tertiary,50.004,300.000,1.000,13711,42511,1
ride_hailing_00066,l_1571_1_r,730860.913,2884200.212,tertiary,50.004,300.000,1.000,13804,42604,1
ride_hailing_00067,l_29_3_f,731188.389,2887013.434,secondary,60.012,300.000,2.000,13811,42611,1
ride_hailing_00068,l_106_3_r,730486.981,2890277.198,tertiary,50.004,300.000,1.000,13892,42692,1
ride_hailing_00069,l_765_7_r,725287.913,2884685.276,tertiary,50.004,300.000,1.000,13925,42725,1
ride_hailing_00070,l_5985_1_f,729667.513,2887388.798,local,29.988,200.000,1.000,14040,42840,1
ride_hailing_00071,l_2540_1_r,732283.110,2884922.870,tertiary,50.004,300.000,1.000,14104,42904,1
ride_hailing_00072,l_10779_2_r,725529.247,2884217.635,local,20.016,100.000,1.000,14151,42951,1
ride_hailing_00073,l_1202_0_r,734979.110,2876945.223,tertiary,50.004,300.000,1.000,14176,42976,1
ride_hailing_00074,l_3025_0_f,729610.634,2889258.149,secondary,60.012,300.000,2.000,14177,42977,1
ride_hailing_00075,l_1438_1_r,729141.887,2885361.711,tertiary,50.004,300.000,1.000,14184,42984,1
ride_hailing_00076,l_8115_0_f,730000.902,2876585.605,secondary,60.012,300.000,2.000,14186,42986,1
ride_hailing_00077,l_1075_7_f,733695.020,2884195.515,trunk_primary,79.992,300.000,3.000,14203,43003,2
ride_hailing_00078,l_4589_0_r,733280.927,2885101.468,local,20.016,100.000,1.000,14208,43008,1
ride_hailing_00079,l_3041_3_f,730672.398,2889521.926,secondary,79.992,300.000,2.000,14251,43051,1
ride_hailing_00080,l_5887_0_f,730238.222,2891580.596,secondary,60.012,300.000,2.000,14266,43066,2
ride_hailing_00081,l_574_0_f,729264.373,2883478.245,trunk_primary,79.992,300.000,3.000,14300,43100,1
ride_hailing_00082,l_1201_5_f,747391.375,2878716.851,trunk_primary,79.992,300.000,3.000,14324,43124,1
ride_hailing_00083,l_4510_0_f,730201.197,2888412.497,trunk_primary,79.992,300.000,3.000,14358,43158,1
ride_hailing_00084,l_1861_1_r,744645.813,2877343.887,tertiary,50.004,300.000,1.000,14364,43164,1
ride_hailing_00085,l_574_8_f,728094.468,2884207.853,trunk_primary,79.992,300.000,3.000,14367,43167,1
ride_hailing_00086,l_9743_0_r,723006.633,2885567.590,local,20.016,100.000,1.000,14385,43185,1
ride_hailing_00087,l_1475_1_f,728704.625,2885876.229,tertiary,50.004,300.000,1.000,14412,43212,1
ride_hailing_00088,l_286_0_f,734111.608,2884923.656,secondary,60.012,300.000,2.000,14556,43356,1
ride_hailing_00089,l_10298_0_r,723958.032,2881390.776,local,20.016,100.000,1.000,14609,43409,1
ride_hailing_00090,l_2060_1_r,728903.127,2893355.698,tertiary,39.996,200.000,1.000,14614,43414,1
ride_hailing_00091,syn_bus_link_003113,746399.078,2878999.158,synthetic,50.004,300.000,1.000,14648,43448,1
ride_hailing_00092,l_2154_9_f,727355.640,2880019.491,secondary,79.992,300.000,2.000,14719,43519,1
ride_hailing_00093,l_9736_0_f,723710.875,2885355.717,local,20.016,100.000,1.000,14730,43530,1
ride_hailing_00094,l_8647_0_r,721109.188,2890201.659,local,29.988,200.000,1.000,14734,43534,1
ride_hailing_00095,l_1826_7_f,728127.461,2880788.888,trunk_primary,79.992,300.000,3.000,14783,43583,1
ride_hailing_00096,l_2719_1_f,731231.382,2891203.032,secondary,60.012,300.000,2.000,14831,43631,1
ride_hailing_00097,l_7856_4_r,714968.951,2893786.850,tertiary,50.004,300.000,1.000,14841,43641,1
ride_hailing_00098,l_7662_0_f,729173.977,2883971.540,secondary,60.012,300.000,2.000,14859,43659,2
ride_hailing_00099,l_1363_5_f,729747.765,2883597.988,trunk_primary,79.992,300.000,3.000,14868,43668,1
ride_hailing_00100,l_3612_21_f,722869.105,2890085.087,secondary,60.012,300.000,2.000,14895,43695,1
ride_hailing_00101,l_3611_0_f,723348.596,2889841.600,secondary,60.012,300.000,2.000,14912,43712,1
ride_hailing_00102,l_5445_1_f,732712.515,2883899.480,secondary,60.012,300.000,2.000,15029,43829,1
ride_hailing_00103,l_3458_4_f,722604.508,2887797.727,secondary,60.012,300.000,2.000,15061,43861,1
ride_hailing_00104,l_7775_2_r,732746.836,2881782.641,tertiary,50.004,300.000,1.000,15202,44002,1
ride_hailing_00105,l_5979_2_f,733804.093,2876089.250,trunk_primary,79.992,300.000,3.000,15231,44031,1
ride_hailing_00106,l_1143_5_f,729261.325,2890023.017,secondary,60.012,300.000,2.000,15262,44062,1
ride_hailing_00107,l_6034_0_f,728736.788,2890898.470,secondary,60.012,300.000,2.000,15297,44097,1
ride_hailing_00108,l_6252_0_r,730425.110,2876487.559,tertiary,50.004,300.000,1.000,15408,44208,1
ride_hailing_00109,l_5980_0_f,733084.374,2876179.283,trunk_primary,79.992,300.000,3.000,15425,44225,1
ride_hailing_00110,l_5576_0_f,726092.896,2886058.445,tertiary,50.004,300.000,1.000,15456,44256,1
ride_hailing_00111,l_2336_6_f,731949.336,2882021.251,trunk_primary,79.992,300.000,3.000,15486,44286,1
ride_hailing_00112,l_7561_2_f,732414.493,2882650.111,trunk_primary,79.992,300.000,3.000,15509,44309,1
ride_hailing_00113,l_3449_9_r,728237.140,2881702.201,tertiary,50.004,300.000,1.000,15621,44421,1
ride_hailing_00114,syn_bus_connector_000231,724305.444,2880950.021,synthetic,50.004,300.000,1.000,15679,44479,1
ride_hailing_00115,l_1467_1_f,733216.076,2884053.498,trunk_primary,100.008,300.000,3.000,15710,44510,1
ride_hailing_00116,l_2324_2_f,730871.444,2882188.637,trunk_primary,79.992,300.000,3.000,15750,44550,1
ride_hailing_00117,l_6694_3_r,725666.073,2886282.340,tertiary,39.996,200.000,1.000,15777,44577,1
ride_hailing_00118,l_93_1_f,734964.143,2886906.306,secondary,60.012,300.000,2.000,15801,44601,1
ride_hailing_00119,l_2752_0_f,730117.941,2890112.565,trunk_primary,79.992,360.000,4.000,15857,44657,1
ride_hailing_00120,l_6130_1_r,723941.495,2883020.547,local,20.016,100.000,1.000,15867,44667,1
ride_hailing_00121,l_10987_6_f,727515.274,2885696.367,secondary,60.012,300.000,2.000,15940,44740,1
ride_hailing_00122,l_6335_0_f,726358.610,2890863.037,tertiary,39.996,200.000,1.000,15955,44755,1
ride_hailing_00123,syn_bus_link_000579,724433.811,2885788.245,synthetic,50.004,300.000,1.000,16159,44959,1
ride_hailing_00124,l_4920_0_f,735136.620,2884219.192,local,20.016,100.000,1.000,16283,45083,1
ride_hailing_00125,l_7184_4_f,724223.086,2886810.527,tertiary,50.004,300.000,1.000,16325,45125,1
ride_hailing_00126,l_733_0_f,723485.499,2883509.287,secondary,60.012,300.000,1.000,16370,45170,1
ride_hailing_00127,l_1099_0_r,728811.426,2888886.640,secondary,60.012,300.000,2.000,16412,45212,1
ride_hailing_00128,l_547_7_f,734787.703,2887068.280,secondary,60.012,300.000,2.000,16456,45256,1
ride_hailing_00129,l_6292_1_f,725554.207,2890921.026,secondary,60.012,300.000,2.000,16488,45288,1
ride_hailing_00130,l_85_1_f,736069.674,2883120.206,trunk_primary,60.012,300.000,3.000,16497,45297,1
ride_hailing_00131,l_7136_1_r,725225.245,2880684.218,tertiary,39.996,200.000,1.000,16497,45297,1
ride_hailing_00132,l_10360_0_f,727485.480,2882900.492,trunk_primary,60.012,300.000,3.000,16506,45306,1
ride_hailing_00133,l_726_8_f,723991.780,2882566.661,tertiary,50.004,300.000,1.000,16539,45339,1
ride_hailing_00134,l_617_0_f,730103.697,2880410.078,trunk_primary,79.992,300.000,3.000,16547,45347,1
ride_hailing_00135,l_7172_0_r,723181.407,2885613.961,local,29.988,200.000,1.000,16586,45386,1
ride_hailing_00136,l_2044_0_r,747751.395,2879431.350,tertiary,39.996,200.000,1.000,16724,45524,1
ride_hailing_00137,l_1310_1_f,731475.559,2886553.360,secondary,79.992,300.000,2.000,16749,45549,1
ride_hailing_00138,l_3561_0_f,727227.427,2890855.417,local,20.016,100.000,1.000,16829,45629,1
ride_hailing_00139,l_2146_5_f,724555.137,2886455.992,secondary,79.992,300.000,2.000,16849,45649,1
ride_hailing_00140,l_4295_4_f,734628.515,2886161.055,trunk_primary,79.992,300.000,3.000,16852,45652,1
ride_hailing_00141,l_10304_0_f,724431.696,2881235.503,local,20.016,100.000,1.000,16948,45748,1
ride_hailing_00142,l_1716_0_f,734887.594,2883362.195,secondary,79.992,300.000,2.000,16949,45749,1
ride_hailing_00143,l_5844_2_f,729800.415,2883279.720,tertiary,50.004,300.000,1.000,16960,45760,1
ride_hailing_00144,l_8903_0_f,735264.809,2883216.551,tertiary,50.004,300.000,1.000,17004,45804,1
ride_hailing_00145,l_2714_0_f,732542.668,2889094.224,secondary,60.012,300.000,2.000,17101,45901,1
ride_hailing_00146,l_8166_0_f,734585.403,2877595.684,local,20.016,100.000,1.000,17171,45971,1
ride_hailing_00147,l_2791_1_f,735956.345,2887285.254,trunk_primary,79.992,300.000,3.000,17184,45984,1
ride_hailing_00148,l_2466_0_f,734252.830,2884951.727,trunk_primary,100.008,300.000,2.000,17199,45999,1
ride_hailing_00149,l_1507_1_f,728102.562,2885429.056,local,29.988,200.000,1.000,17216,46016,1
ride_hailing_00150,l_5944_0_r,728152.758,2888708.796,local,29.988,200.000,1.000,17241,46041,1
ride_hailing_00151,l_4182_0_f,734894.784,2885744.373,secondary,60.012,300.000,2.000,17274,46074,1
ride_hailing_00152,l_2270_0_f,732379.759,2890553.320,tertiary,39.996,300.000,1.000,17416,46216,1
ride_hailing_00153,l_1814_3_f,731686.660,2890076.008,secondary,60.012,300.000,2.000,17455,46255,1
ride_hailing_00154,l_8952_0_f,732661.596,2881656.697,tertiary,50.004,300.000,1.000,17470,46270,1
ride_hailing_00155,l_8096_0_r,737505.931,2877311.613,local,29.988,200.000,1.000,17532,46332,1
ride_hailing_00156,l_3796_0_r,735887.464,2883096.606,secondary,50.004,300.000,2.000,17558,46358,1
ride_hailing_00157,l_6246_0_r,731788.665,2893079.931,tertiary,50.004,300.000,1.000,17559,46359,1
ride_hailing_00158,l_7060_0_f,734439.982,2883565.444,tertiary,50.004,300.000,1.000,17639,46439,1
ride_hailing_00159,l_3084_3_f,732134.238,2888825.703,secondary,60.012,300.000,2.000,17660,46460,1
ride_hailing_00160,l_3515_8_f,734808.897,2887929.638,secondary,60.012,300.000,2.000,17756,46556,1
ride_hailing_00161,l_3171_0_r,729412.292,2885997.405,local,29.988,200.000,1.000,17779,46579,1
ride_hailing_00162,l_3050_0_f,729335.679,2890989.797,tertiary,50.004,300.000,1.000,17888,46688,1
ride_hailing_00163,l_7942_9_f,721037.659,2890896.434,secondary,60.012,300.000,2.000,17970,46770,1
ride_hailing_00164,l_5563_0_f,728883.346,2891720.280,secondary,60.012,300.000,2.000,18097,46897,1
ride_hailing_00165,l_8613_0_r,731950.563,2877101.462,tertiary,39.996,200.000,1.000,18166,46966,1
ride_hailing_00166,l_5447_6_f,734882.127,2883360.035,secondary,60.012,300.000,2.000,18199,46999,1
ride_hailing_00167,l_5196_0_r,734690.621,2885832.835,local,20.016,100.000,1.000,18223,47023,1
ride_hailing_00168,l_1543_1_r,726325.104,2881166.993,tertiary,50.004,300.000,1.000,18239,47039,1
ride_hailing_00169,l_4339_0_f,735111.033,2885908.317,local,20.016,100.000,1.000,18267,47067,1
ride_hailing_00170,l_5469_5_f,733664.665,2888130.877,secondary,60.012,300.000,2.000,18294,47094,1
ride_hailing_00171,l_4524_0_r,737229.255,2881883.120,local,20.016,100.000,1.000,18408,47208,1
ride_hailing_00172,l_917_7_f,728262.430,2891646.047,secondary,60.012,300.000,2.000,18460,47260,1
ride_hailing_00173,l_593_3_f,726899.875,2885422.297,tertiary,50.004,300.000,1.000,18482,47282,1
ride_hailing_00174,l_9035_0_f,724239.731,2886938.130,local,20.016,100.000,1.000,18567,47367,1
ride_hailing_00175,l_7701_7_f,738983.725,2880236.092,tertiary,50.004,300.000,1.000,18616,47416,1
ride_hailing_00176,l_4314_0_f,729504.057,2889520.217,local,29.988,200.000,1.000,18646,47446,1
ride_hailing_00177,l_9647_0_f,723907.762,2885437.243,local,29.988,200.000,1.000,18939,47739,1
ride_hailing_00178,l_2430_0_r,732086.345,2883351.812,tertiary,50.004,300.000,1.000,19049,47849,1
ride_hailing_00179,l_4082_1_r,730974.349,2879738.961,local,20.016,100.000,1.000,19080,47880,1
ride_hailing_00180,l_9156_0_f,728673.995,2880374.856,local,20.016,100.000,1.000,19387,48187,1
ride_hailing_00181,l_4607_7_f,734981.040,2884535.326,tertiary,50.004,300.000,1.000,19482,48282,1
ride_hailing_00182,l_1361_3_f,731204.757,2887798.050,trunk_primary,79.992,300.000,3.000,19498,48298,1
ride_hailing_00183,l_1301_0_f,728516.588,2887826.868,secondary,60.012,300.000,2.000,19654,48454,1
ride_hailing_00184,l_3436_0_r,728930.269,2888516.583,tertiary,50.004,300.000,1.000,19814,48614,1
ride_hailing_00185,l_4290_5_f,731250.632,2892505.059,secondary,79.992,300.000,2.000,19960,48760,1
ride_hailing_00186,l_1883_1_r,745874.062,2876766.259,tertiary,50.004,300.000,1.000,20137,48937,1
ride_hailing_00187,l_585_1_f,728933.570,2885163.039,tertiary,50.004,300.000,1.000,20153,48953,1
ride_hailing_00188,l_284_5_r,736476.003,2888093.439,secondary,60.012,300.000,2.000,20202,49002,1
ride_hailing_00189,l_7879_4_f,715727.294,2893850.971,local,29.988,200.000,1.000,20563,49363,1
ride_hailing_00190,l_8175_0_f,738077.815,2875900.957,local,20.016,100.000,1.000,20581,49381,1
ride_hailing_00191,l_2248_1_f,734211.490,2880958.120,trunk_primary,100.008,300.000,3.000,21072,49872,1
ride_hailing_00192,l_288_9_f,736620.077,2886721.459,secondary,60.012,300.000,2.000,21299,50099,1
ride_hailing_00193,l_894_3_f,722802.203,2886301.905,trunk_primary,100.008,300.000,3.000,21641,50441,1
ride_hailing_00194,l_5543_0_f,731557.653,2885783.735,trunk_primary,79.992,300.000,3.000,21787,50587,1
ride_hailing_00195,l_921_0_f,725347.674,2890465.250,tertiary,39.996,200.000,1.000,21806,50606,1
ride_hailing_00196,l_11019_0_f,735262.385,2877317.021,trunk_primary,60.012,300.000,4.000,21846,50646,1
ride_hailing_00197,l_3699_0_f,723066.332,2883718.716,trunk_primary,100.008,300.000,3.000,22317,51117,1
ride_hailing_00198,l_663_0_f,728469.214,2879853.623,trunk_primary,100.008,300.000,3.000,22418,51218,1
ride_hailing_00199,l_9327_2_r,724131.544,2886868.441,local,20.016,100.000,1.000,23063,51863,1
ride_hailing_00200,l_4034_0_f,723596.451,2887172.383,tertiary,39.996,200.000,1.000,23246,52046,1
ride_hailing_00201,l_3024_0_f,729651.864,2889258.666,secondary,60.012,300.000,2.000,23305,52105,1
ride_hailing_00202,l_653_7_f,723873.563,2884369.704,secondary,60.012,300.000,2.000,23439,52239,1
ride_hailing_00203,l_1675_6_r,747320.610,2878979.789,tertiary,50.004,300.000,1.000,23443,52243,1
ride_hailing_00204,l_1336_0_f,731276.043,2890169.442,trunk_primary,79.992,300.000,3.000,23484,52284,1
ride_hailing_00205,l_8851_0_f,731330.014,2890266.763,trunk_primary,79.992,300.000,3.000,23502,52302,1
ride_hailing_00206,l_4153_0_f,736492.770,2885046.934,trunk_primary,79.992,360.000,4.000,23624,52424,1
ride_hailing_00207,l_3796_1_f,735646.032,2883194.446,secondary,50.004,300.000,2.000,23713,52513,1
ride_hailing_00208,l_8126_6_r,727249.057,2887041.473,tertiary,50.004,300.000,1.000,23718,52518,1
ride_hailing_00209,l_1162_1_f,730353.652,2891960.656,secondary,60.012,300.000,2.000,23967,52767,1
ride_hailing_00210,l_6332_1_f,741699.742,2876089.971,tertiary,50.004,300.000,1.000,23971,52771,1
ride_hailing_00211,l_6199_10_f,738490.574,2876984.588,local,20.016,100.000,1.000,24227,53027,1
ride_hailing_00212,l_963_2_f,734152.296,2888020.053,trunk_primary,100.008,300.000,3.000,24435,53235,1
ride_hailing_00213,l_3954_4_f,723841.160,2884124.410,local,20.016,100.000,1.000,24446,53246,1
ride_hailing_00214,l_8752_0_f,735803.023,2879970.646,secondary,60.012,300.000,2.000,24478,53278,1
ride_hailing_00215,l_685_1_f,731380.441,2876833.376,secondary,60.012,300.000,2.000,24503,53303,1
ride_hailing_00216,l_6536_0_f,729056.314,2891652.297,tertiary,39.996,200.000,1.000,24729,53529,1
ride_hailing_00217,l_2266_4_f,730741.316,2892422.024,secondary,60.012,300.000,2.000,25215,54015,1
ride_hailing_00218,l_3173_0_f,729864.606,2885750.817,local,29.988,200.000,1.000,25364,54164,1
ride_hailing_00219,l_1069_1_f,735745.350,2884633.757,secondary,60.012,300.000,2.000,25438,54238,1
ride_hailing_00220,l_650_3_f,725262.700,2883225.967,secondary,60.012,300.000,2.000,25465,54265,1
ride_hailing_00221,l_804_1_f,737598.826,2876961.792,secondary,60.012,300.000,2.000,25889,54689,1
ride_hailing_00222,l_2112_4_f,731045.468,2876728.598,secondary,60.012,300.000,2.000,26236,55036,1
ride_hailing_00223,l_765_0_r,725721.261,2885062.935,tertiary,50.004,300.000,1.000,27126,55926,1
ride_hailing_00224,l_7015_0_r,731414.512,2882470.770,local,29.988,200.000,1.000,27144,55944,1
ride_hailing_00225,l_2805_0_f,731039.119,2881121.274,secondary,60.012,300.000,2.000,27438,56238,1
ride_hailing_00226,l_10607_0_f,736094.055,2879827.556,trunk_primary,100.008,500.000,5.000,27468,56268,1
ride_hailing_00227,l_6934_0_f,732803.836,2882630.738,tertiary,50.004,300.000,1.000,27571,56371,1
ride_hailing_00228,l_3015_11_f,730866.505,2880736.664,secondary,60.012,300.000,2.000,27679,56479,1
ride_hailing_00229,l_2468_2_f,734546.187,2884966.824,trunk_primary,100.008,300.000,3.000,27778,56578,1
ride_hailing_00230,l_947_0_f,736560.293,2887986.098,trunk_primary,119.988,330.000,3.000,27909,56709,1
ride_hailing_00231,l_97_0_f,732642.483,2887523.848,tertiary,50.004,300.000,1.000,28020,56820,1
ride_hailing_00232,l_3932_0_f,737861.439,2876931.739,tertiary,50.004,300.000,1.000,28053,56853,1
ride_hailing_00233,l_11256_0_f,737075.139,2884007.885,tertiary,39.996,300.000,1.000,28064,56864,1
ride_hailing_00234,l_2453_0_f,731578.839,2885543.963,tertiary,50.004,300.000,1.000,28113,56913,1
ride_hailing_00235,l_82_0_f,735707.583,2883170.829,trunk_primary,100.008,300.000,3.000,28294,57094,1
ride_hailing_00236,l_2962_0_r,723355.020,2887002.840,tertiary,39.996,200.000,1.000,28352,57152,1
ride_hailing_00237,l_4213_7_f,724240.861,2883168.914,secondary,60.012,300.000,2.000,28372,57172,1
ride_hailing_00238,l_4229_0_f,725879.840,2882720.199,trunk_primary,79.992,300.000,3.000,28569,57369,1
ride_hailing_00239,syn_bus_link_000748,725361.893,2889540.753,synthetic,50.004,300.000,1.000,28654,57454,1
ride_hailing_00240,syn_bus_link_003227,737781.865,2881839.533,synthetic,50.004,300.000,1.000,28737,57537,1
ride_hailing_00241,l_6799_0_f,741404.006,2877272.362,tertiary,50.004,300.000,1.000,29171,57971,1
ride_hailing_00242,l_7709_2_f,741518.380,2879761.546,secondary,60.012,300.000,2.000,29314,58114,1
ride_hailing_00243,l_9364_0_r,724712.146,2885138.050,local,29.988,200.000,1.000,29616,58416,1
ride_hailing_00244,l_10218_3_r,726891.900,2882552.657,tertiary,39.996,200.000,1.000,29918,58718,1
ride_hailing_00245,l_7121_0_r,722427.285,2888668.535,local,20.016,100.000,1.000,30187,58987,1
ride_hailing_00246,l_4592_2_r,733608.866,2885067.932,local,20.016,100.000,1.000,30198,58998,1
ride_hailing_00247,syn_bus_link_001854,716091.384,2890583.031,synthetic,50.004,300.000,1.000,30234,59034,1
ride_hailing_00248,l_3352_0_r,727417.725,2890192.901,local,29.988,200.000,1.000,30456,59256,1
ride_hailing_00249,syn_bus_link_003001,738198.682,2875540.053,synthetic,50.004,300.000,1.000,30784,59584,1
ride_hailing_00250,l_2031_7_f,732705.478,2882113.353,secondary,60.012,300.000,2.000,30797,59597,1
ride_hailing_00251,l_2219_1_f,736289.322,2878913.167,trunk_primary,100.008,300.000,3.000,30888,59688,1
ride_hailing_00252,l_2540_1_f,732283.110,2884922.870,tertiary,50.004,300.000,1.000,31087,59887,1
ride_hailing_00253,syn_bus_connector_000749,737001.747,2882583.252,synthetic,50.004,300.000,1.000,31135,59935,1
ride_hailing_00254,l_10278_3_r,724356.961,2881586.606,local,20.016,100.000,1.000,31146,59946,1
ride_hailing_00255,l_5887_0_f,730238.222,2891580.596,secondary,60.012,300.000,2.000,31249,60049,2
ride_hailing_00256,l_1075_1_f,734559.502,2883928.192,trunk_primary,79.992,300.000,3.000,31352,60152,1
ride_hailing_00257,l_876_1_f,721821.258,2890679.781,trunk_primary,119.988,330.000,3.000,31445,60245,1
ride_hailing_00258,l_1075_7_f,733695.020,2884195.515,trunk_primary,79.992,300.000,3.000,31534,60334,2
ride_hailing_00259,l_1080_5_f,714560.397,2892891.892,trunk_primary,60.012,300.000,4.000,31560,60360,2
ride_hailing_00260,l_2969_0_f,729150.617,2885740.527,local,29.988,200.000,1.000,31717,60517,1
ride_hailing_00261,l_10256_0_f,726116.177,2883629.410,local,20.016,100.000,1.000,32206,61006,1
ride_hailing_00262,l_3612_1_f,716590.555,2894014.806,secondary,60.012,300.000,2.000,32289,61089,1
ride_hailing_00263,l_92_2_f,730542.444,2888088.606,tertiary,50.004,300.000,1.000,32295,61095,1
ride_hailing_00264,l_1565_3_f,733163.353,2885458.863,secondary,60.012,300.000,2.000,32342,61142,1
ride_hailing_00265,l_5474_7_f,732899.229,2884987.043,tertiary,50.004,300.000,1.000,32732,61532,1
ride_hailing_00266,l_8636_1_f,720894.423,2890564.696,local,29.988,200.000,1.000,32897,61697,1
ride_hailing_00267,l_11116_0_f,733142.522,2880947.463,tertiary,39.996,300.000,1.000,32982,61782,1
ride_hailing_00268,l_2058_5_r,737261.873,2881834.649,tertiary,50.004,300.000,1.000,33271,62071,1
ride_hailing_00269,l_5778_0_f,734206.504,2883034.213,trunk_primary,60.012,300.000,3.000,33766,62566,1
ride_hailing_00270,syn_bus_link_003092,746539.486,2879613.311,synthetic,50.004,300.000,1.000,34023,62823,1
ride_hailing_00271,l_726_3_f,723950.923,2882746.899,tertiary,50.004,300.000,1.000,34090,62890,1
ride_hailing_00272,l_10386_0_f,732189.099,2887855.476,trunk_primary,79.992,300.000,3.000,34192,62992,1
ride_hailing_00273,l_6750_0_f,728378.378,2879996.473,local,20.016,100.000,1.000,34601,63401,1
ride_hailing_00274,l_1635_0_f,732683.201,2882923.672,tertiary,50.004,300.000,1.000,34726,63526,1
ride_hailing_00275,l_1485_0_r,726532.046,2886209.377,local,29.988,200.000,1.000,35051,63851,1
ride_hailing_00276,l_11296_1_f,746752.669,2877372.717,local,20.016,100.000,1.000,36029,64829,1
ride_hailing_00277,l_1414_0_r,730598.529,2886434.709,local,20.016,100.000,1.000,36319,65119,1
ride_hailing_00278,l_1492_5_f,728107.967,2886016.189,secondary,60.012,300.000,2.000,36842,65642,1
ride_hailing_00279,l_2125_5_f,727737.402,2884349.539,trunk_primary,79.992,300.000,3.000,37386,66186,1
ride_hailing_00280,l_1171_2_r,715152.721,2892958.798,tertiary,50.004,300.000,1.000,37655,66455,1
ride_hailing_00281,l_3571_0_f,729613.755,2887102.529,secondary,60.012,300.000,2.000,37972,66772,1
ride_hailing_00282,l_5056_0_f,735274.372,2886806.387,local,20.016,100.000,1.000,38655,67455,1
ride_hailing_00283,l_1323_0_f,731506.427,2886585.502,trunk_primary,79.992,300.000,3.000,38770,67570,1
ride_hailing_00284,l_2270_1_f,732388.303,2890638.534,tertiary,39.996,300.000,1.000,40424,69224,1
ride_hailing_00285,l_7056_1_r,735729.408,2883274.803,tertiary,50.004,300.000,1.000,40714,69514,1
ride_hailing_00286,l_972_2_f,741916.341,2880532.856,secondary,60.012,300.000,2.000,40982,69782,1
ride_hailing_00287,l_5966_1_f,732538.784,2884701.458,tertiary,50.004,300.000,1.000,41378,70178,2
ride_hailing_00288,l_5956_0_r,731926.367,2885130.972,tertiary,50.004,300.000,1.000,41398,70198,1
ride_hailing_00289,syn_bus_link_000114,719006.294,2891202.996,synthetic,50.004,300.000,1.000,41503,70303,1
ride_hailing_00290,l_2132_2_f,723752.177,2888616.081,trunk_primary,60.012,300.000,3.000,41732,70532,1
ride_hailing_00291,l_2356_1_f,724928.437,2887108.159,secondary,60.012,300.000,2.000,41795,70595,1
ride_hailing_00292,l_9478_0_r,723947.445,2881686.304,local,20.016,100.000,1.000,41962,70762,1
ride_hailing_00293,l_363_0_r,732584.499,2893705.608,local,29.988,200.000,1.000,42044,70844,1
ride_hailing_00294,l_4380_0_f,732357.486,2891854.198,trunk_primary,79.992,300.000,3.000,42177,70977,1
ride_hailing_00295,l_9309_0_f,724108.448,2887520.046,local,20.016,100.000,1.000,42246,71046,1
ride_hailing_00296,l_2512_13_f,729386.510,2891797.399,trunk_primary,79.992,300.000,3.000,42526,71326,1
ride_hailing_00297,l_10080_0_f,734191.027,2885426.911,trunk_primary,60.012,300.000,4.000,42543,71343,1
ride_hailing_00298,syn_bus_connector_001111,733092.136,2890655.405,synthetic,50.004,300.000,1.000,42566,71366,1
ride_hailing_00299,l_6345_1_f,726905.283,2891516.461,secondary,60.012,300.000,2.000,42570,71370,1
ride_hailing_00300,l_5442_3_f,732452.650,2884192.413,trunk_primary,79.992,300.000,3.000,42718,71518,1
ride_hailing_00301,l_2438_1_f,728208.610,2884580.785,local,29.988,200.000,1.000,42744,71544,1
ride_hailing_00302,l_7662_0_f,729173.977,2883971.540,secondary,60.012,300.000,2.000,42751,71551,2
ride_hailing_00303,l_1637_3_r,731807.045,2881276.604,tertiary,50.004,300.000,1.000,42798,71598,1
ride_hailing_00304,l_7317_0_r,732430.761,2887461.099,tertiary,50.004,300.000,1.000,42826,71626,1
ride_hailing_00305,l_1916_6_f,730821.425,2885902.907,trunk_primary,79.992,300.000,3.000,42833,71633,1
ride_hailing_00306,l_6261_0_f,734246.792,2884269.711,secondary,60.012,300.000,2.000,42869,71669,1
ride_hailing_00307,l_4904_1_f,737087.636,2883862.569,secondary,60.012,300.000,2.000,42981,71781,1
ride_hailing_00308,l_1634_0_f,731949.878,2883259.575,secondary,60.012,300.000,2.000,43058,71858,1
ride_hailing_00309,l_3727_0_f,727956.074,2882478.115,trunk_primary,100.008,300.000,3.000,43094,71894,1
ride_hailing_00310,l_55_2_f,725476.595,2887900.870,tertiary,50.004,300.000,1.000,43118,71918,1
ride_hailing_00311,l_5038_2_r,733457.163,2885767.894,tertiary,50.004,300.000,1.000,43161,71961,1
ride_hailing_00312,l_4841_3_f,725238.334,2881193.907,local,20.016,100.000,1.000,43164,71964,1
ride_hailing_00313,l_1953_1_r,745739.070,2876860.368,tertiary,50.004,300.000,1.000,43186,71986,1
ride_hailing_00314,l_9096_0_f,725156.944,2884832.368,local,20.016,100.000,1.000,43427,72227,1
ride_hailing_00315,l_3792_0_f,743079.640,2879332.079,tertiary,50.004,300.000,1.000,43500,72300,1
ride_hailing_00316,l_7807_0_f,728696.134,2881497.330,tertiary,50.004,300.000,1.000,43524,72324,1
ride_hailing_00317,syn_bus_link_000331,737871.421,2881788.572,synthetic,50.004,300.000,1.000,43534,72334,1
ride_hailing_00318,l_3641_6_f,734657.694,2888531.633,trunk_primary,79.992,300.000,3.000,43588,72388,1
ride_hailing_00319,l_3784_0_f,728457.721,2883925.896,secondary,60.012,300.000,1.000,43593,72393,1
ride_hailing_00320,l_6919_0_f,732616.270,2882400.185,secondary,60.012,300.000,2.000,43611,72411,1
ride_hailing_00321,l_5486_0_r,732763.040,2885743.393,local,29.988,200.000,1.000,43611,72411,1
ride_hailing_00322,l_3066_0_f,727586.776,2887115.857,local,29.988,200.000,1.000,43616,72416,1
ride_hailing_00323,l_2706_2_r,733997.714,2888323.524,tertiary,50.004,300.000,1.000,43634,72434,1
ride_hailing_00324,l_1516_1_f,725346.113,2886421.238,secondary,79.992,300.000,2.000,43675,72475,1
ride_hailing_00325,l_4578_1_f,735979.190,2885764.549,local,20.016,100.000,1.000,43688,72488,1
ride_hailing_00326,l_2697_2_f,732992.079,2887954.586,secondary,60.012,300.000,2.000,43699,72499,1
ride_hailing_00327,l_1618_0_f,729932.799,2883256.422,trunk_primary,79.992,300.000,3.000,43736,72536,1
ride_hailing_00328,l_1648_0_f,734287.430,2881415.564,tertiary,50.004,300.000,1.000,43737,72537,1
ride_hailing_00329,l_3789_1_f,735576.121,2880887.056,local,29.988,200.000,1.000,43741,72541,1
ride_hailing_00330,l_4825_0_r,735678.918,2887058.769,local,20.016,100.000,1.000,43776,72576,1
ride_hailing_00331,l_854_0_f,736182.488,2884308.717,secondary,60.012,300.000,1.000,43827,72627,1
ride_hailing_00332,l_800_3_f,731317.068,2891169.959,trunk_primary,60.012,300.000,3.000,43871,72671,1
ride_hailing_00333,l_910_3_r,736276.703,2888539.736,tertiary,50.004,300.000,1.000,43872,72672,1
ride_hailing_00334,l_8519_1_f,728539.623,2890351.955,tertiary,50.004,300.000,1.000,44049,72849,1
ride_hailing_00335,l_7427_1_f,738919.133,2879056.495,tertiary,50.004,300.000,1.000,44050,72850,1
ride_hailing_00336,l_3247_0_f,727693.485,2891590.988,tertiary,39.996,300.000,1.000,44056,72856,1
ride_hailing_00337,l_7532_0_f,732939.001,2890089.325,tertiary,50.004,300.000,1.000,44147,72947,1
ride_hailing_00338,l_9972_0_f,735976.369,2883543.169,secondary,60.012,300.000,2.000,44149,72949,1
ride_hailing_00339,l_740_0_f,723104.255,2883903.214,secondary,60.012,300.000,1.000,44279,73079,1
ride_hailing_00340,l_11_9_f,719840.438,2890661.504,secondary,60.012,300.000,2.000,44298,73098,1
ride_hailing_00341,l_10271_2_f,724395.924,2881487.264,local,20.016,100.000,1.000,44301,73101,1
ride_hailing_00342,l_576_0_f,730394.428,2884093.092,secondary,60.012,300.000,2.000,44322,73122,1
ride_hailing_00343,l_2480_0_f,735310.824,2884797.996,trunk_primary,100.008,300.000,3.000,44436,73236,1
ride_hailing_00344,l_3871_1_f,733584.919,2881418.294,tertiary,50.004,300.000,1.000,44452,73252,1
ride_hailing_00345,l_2376_3_f,727327.793,2885584.258,secondary,60.012,300.000,2.000,44632,73432,1
ride_hailing_00346,l_7038_2_r,732432.319,2883936.283,tertiary,50.004,300.000,1.000,44648,73448,1
ride_hailing_00347,l_7284_2_f,726187.991,2885914.124,tertiary,50.004,300.000,1.000,44674,73474,1
ride_hailing_00348,l_7600_1_f,729830.958,2892969.035,trunk_primary,79.992,300.000,3.000,44681,73481,2
ride_hailing_00349,l_3950_6_r,725688.315,2884245.663,tertiary,50.004,300.000,1.000,44757,73557,1
ride_hailing_00350,l_1057_0_f,735876.333,2880843.007,secondary,60.012,300.000,2.000,44876,73676,1
ride_hailing_00351,l_6963_0_f,731329.988,2880774.940,local,29.988,200.000,1.000,44917,73717,1
ride_hailing_00352,l_5765_1_f,733351.731,2877284.794,trunk_primary,100.008,300.000,3.000,44996,73796,1
ride_hailing_00353,l_10463_0_f,736847.188,2876418.242,tertiary,50.004,300.000,1.000,45039,73839,1
ride_hailing_00354,syn_bus_link_003232,737814.317,2881802.217,synthetic,50.004,300.000,1.000,45085,73885,1
ride_hailing_00355,syn_bus_connector_001085,716973.894,2893533.862,synthetic,50.004,300.000,1.000,45157,73957,1
ride_hailing_00356,l_7507_3_f,735227.401,2888674.758,secondary,60.012,300.000,2.000,45159,73959,1
ride_hailing_00357,l_9034_0_r,722439.443,2888474.963,local,20.016,100.000,1.000,45165,73965,1
ride_hailing_00358,l_5624_0_f,735796.620,2889690.192,trunk_primary,119.988,330.000,3.000,45195,73995,1
ride_hailing_00359,l_1257_2_f,729856.118,2887088.677,tertiary,50.004,300.000,1.000,45202,74002,1
ride_hailing_00360,l_8319_0_r,716746.307,2891561.661,tertiary,39.996,200.000,1.000,45207,74007,1
ride_hailing_00361,l_1635_1_f,732950.938,2882923.184,tertiary,50.004,300.000,1.000,45284,74084,1
ride_hailing_00362,l_5806_1_f,741274.836,2876229.305,trunk_primary,100.008,300.000,3.000,45289,74089,1
ride_hailing_00363,l_92_0_f,730494.289,2888468.955,tertiary,50.004,300.000,1.000,45336,74136,1
ride_hailing_00364,l_2225_0_f,733845.498,2879043.070,local,29.988,200.000,1.000,45354,74154,1
ride_hailing_00365,l_3244_0_r,727855.961,2891738.639,tertiary,50.004,300.000,1.000,45377,74177,1
ride_hailing_00366,l_5133_0_r,734354.873,2885219.929,local,20.016,100.000,1.000,45401,74201,1
ride_hailing_00367,l_849_0_f,735853.657,2883481.402,trunk_primary,100.008,300.000,3.000,45420,74220,1
ride_hailing_00368,l_5123_0_f,729289.008,2887529.938,local,20.016,100.000,1.000,45468,74268,1
ride_hailing_00369,l_717_0_f,725781.066,2883633.913,secondary,60.012,300.000,2.000,45488,74288,1
ride_hailing_00370,l_5262_0_r,733854.383,2886388.029,local,20.016,100.000,1.000,45525,74325,1
ride_hailing_00371,l_5413_2_f,731072.750,2883935.243,trunk_primary,79.992,300.000,3.000,45564,74364,1
ride_hailing_00372,l_7789_0_f,731200.905,2880433.738,tertiary,39.996,200.000,1.000,45581,74381,1
ride_hailing_00373,l_5546_0_f,730091.829,2885477.652,tertiary,50.004,300.000,1.000,45634,74434,1
ride_hailing_00374,l_1995_5_f,743262.389,2878459.342,tertiary,50.004,300.000,1.000,45635,74435,1
ride_hailing_00375,l_939_1_f,745171.579,2877166.799,tertiary,50.004,300.000,1.000,45814,74614,1
ride_hailing_00376,l_4290_16_f,732236.785,2893714.906,secondary,79.992,300.000,2.000,45829,74629,1
ride_hailing_00377,l_622_3_f,725507.109,2882680.953,secondary,60.012,300.000,2.000,45865,74665,1
ride_hailing_00378,l_2356_2_f,724863.360,2887210.707,secondary,60.012,300.000,2.000,45900,74700,1
ride_hailing_00379,l_10801_0_f,724731.770,2882414.468,local,20.016,100.000,1.000,45922,74722,1
ride_hailing_00380,l_5409_2_f,730759.106,2883953.282,tertiary,50.004,300.000,1.000,45940,74740,1
ride_hailing_00381,l_2145_8_f,726554.487,2880789.463,trunk_primary,79.992,300.000,3.000,45977,74777,1
ride_hailing_00382,l_5182_0_f,725263.621,2890841.127,trunk_primary,119.988,330.000,3.000,45999,74799,1
ride_hailing_00383,l_2042_1_r,747489.586,2879304.639,tertiary,39.996,200.000,1.000,46011,74811,1
ride_hailing_00384,l_8368_1_f,732491.667,2893784.792,secondary,60.012,300.000,2.000,46115,74915,1
ride_hailing_00385,l_495_0_f,732658.876,2888474.006,trunk_primary,100.008,300.000,3.000,46181,74981,1
ride_hailing_00386,syn_bus_link_001674,741721.085,2875464.063,synthetic,50.004,300.000,1.000,46186,74986,1
ride_hailing_00387,l_1109_0_f,739209.731,2881528.547,trunk_primary,119.988,330.000,3.000,46220,75020,1
ride_hailing_00388,syn_bus_connector_000346,726912.383,2887248.264,synthetic,50.004,300.000,1.000,46294,75094,1
ride_hailing_00389,l_378_0_r,732501.066,2892220.949,local,29.988,200.000,1.000,46308,75108,1
ride_hailing_00390,l_3196_2_r,728966.609,2885233.721,tertiary,50.004,300.000,1.000,46351,75151,1
ride_hailing_00391,l_9860_0_f,725002.002,2884109.640,local,20.016,100.000,1.000,46406,75206,1
ride_hailing_00392,l_486_2_f,731841.031,2889798.298,trunk_primary,100.008,300.000,3.000,46421,75221,1
ride_hailing_00393,l_839_0_f,737602.180,2881777.543,trunk_primary,119.988,440.000,4.000,46438,75238,1
ride_hailing_00394,l_1255_0_f,729093.100,2886915.695,local,20.016,100.000,1.000,46463,75263,1
ride_hailing_00395,l_6349_1_f,732384.303,2880743.942,secondary,50.004,300.000,2.000,46470,75270,1
ride_hailing_00396,l_6740_0_f,728329.644,2879825.538,local,20.016,100.000,1.000,46485,75285,1
ride_hailing_00397,l_8099_0_f,737553.928,2876476.427,tertiary,50.004,300.000,1.000,46515,75315,1
ride_hailing_00398,l_3155_0_f,731184.360,2888182.521,tertiary,50.004,300.000,1.000,46617,75417,1
ride_hailing_00399,l_927_6_f,714606.939,2894132.210,secondary,60.012,300.000,2.000,46636,75436,1
ride_hailing_00400,syn_bus_link_001747,741848.018,2875553.425,synthetic,50.004,300.000,1.000,46669,75469,1
ride_hailing_00401,l_4492_4_f,730942.715,2884965.944,trunk_primary,79.992,300.000,3.000,46670,75470,2
ride_hailing_00402,l_2344_0_f,728727.664,2888101.402,secondary,60.012,300.000,2.000,46701,75501,1
ride_hailing_00403,l_584_0_f,726119.638,2885843.669,tertiary,50.004,300.000,1.000,46704,75504,1
ride_hailing_00404,l_7384_1_r,734635.529,2881734.647,local,20.016,100.000,1.000,46754,75554,1
ride_hailing_00405,l_1141_0_f,732992.471,2890135.116,tertiary,50.004,300.000,1.000,46807,75607,1
ride_hailing_00406,l_6782_0_f,740566.083,2879889.739,trunk_primary,79.992,300.000,3.000,46907,75707,1
ride_hailing_00407,l_5282_0_r,734089.157,2887192.155,tertiary,50.004,300.000,1.000,46920,75720,1
ride_hailing_00408,l_4854_0_f,732532.743,2882990.300,tertiary,50.004,300.000,1.000,46920,75720,1
ride_hailing_00409,l_1552_4_r,732043.003,2878118.926,tertiary,50.004,300.000,1.000,46924,75724,1
ride_hailing_00410,l_1075_6_f,733942.802,2884118.774,trunk_primary,79.992,300.000,3.000,46990,75790,1
ride_hailing_00411,l_3502_0_f,737040.066,2879540.300,secondary,60.012,300.000,1.000,47101,75901,1
ride_hailing_00412,l_2790_0_f,735639.316,2887282.924,trunk_primary,79.992,300.000,3.000,47112,75912,1
ride_hailing_00413,l_10793_1_f,724802.805,2882405.096,local,20.016,100.000,1.000,47158,75958,1
ride_hailing_00414,l_9656_0_r,723737.216,2885771.929,local,20.016,100.000,1.000,47168,75968,1
ride_hailing_00415,l_1092_8_f,727185.388,2890400.593,secondary,60.012,300.000,2.000,47187,75987,1
ride_hailing_00416,l_3577_10_f,714059.448,2893555.903,trunk_primary,79.992,300.000,3.000,47210,76010,1
ride_hailing_00417,l_8571_3_f,733349.819,2887145.738,secondary,60.012,300.000,2.000,47214,76014,1
ride_hailing_00418,l_3091_1_f,733265.620,2889114.436,secondary,60.012,300.000,2.000,47221,76021,1
ride_hailing_00419,l_10013_1_f,724514.127,2881238.667,local,29.988,200.000,1.000,47263,76063,1
ride_hailing_00420,l_556_2_f,730042.303,2885055.075,trunk_primary,79.992,300.000,3.000,47279,76079,1
ride_hailing_00421,l_11077_1_r,732372.098,2880828.254,tertiary,50.004,300.000,1.000,47285,76085,1
ride_hailing_00422,l_7600_1_f,729830.958,2892969.035,trunk_primary,79.992,300.000,3.000,47303,76103,2
ride_hailing_00423,l_20_0_f,728043.532,2886138.351,secondary,60.012,300.000,2.000,47353,76153,1
ride_hailing_00424,l_863_1_f,729166.048,2893587.054,secondary,60.012,300.000,2.000,47372,76172,2
ride_hailing_00425,l_7223_4_r,725318.292,2884161.378,tertiary,50.004,300.000,1.000,47375,76175,1
ride_hailing_00426,l_4696_4_f,733300.737,2888335.623,secondary,60.012,300.000,2.000,47392,76192,1
ride_hailing_00427,l_2073_0_f,730288.454,2882509.981,tertiary,29.988,300.000,1.000,47401,76201,1
ride_hailing_00428,l_2964_0_r,728873.388,2885807.664,local,29.988,200.000,1.000,47439,76239,1
ride_hailing_00429,l_7038_2_f,732432.319,2883936.283,tertiary,50.004,300.000,1.000,47449,76249,1
ride_hailing_00430,l_139_4_f,730832.168,2891470.515,trunk_primary,119.988,330.000,3.000,47450,76250,1
ride_hailing_00431,l_7723_0_f,739289.875,2881283.524,tertiary,50.004,300.000,1.000,47463,76263,1
ride_hailing_00432,syn_bus_connector_000947,736322.173,2890681.694,synthetic,50.004,300.000,1.000,47507,76307,1
ride_hailing_00433,l_11169_1_f,738522.935,2876904.664,local,20.016,100.000,1.000,47512,76312,1
ride_hailing_00434,l_71_1_f,728797.868,2889161.985,trunk_primary,60.012,300.000,3.000,47536,76336,1
ride_hailing_00435,l_2197_1_f,742904.002,2877786.755,trunk_primary,100.008,300.000,3.000,47556,76356,1
ride_hailing_00436,l_1289_0_f,728817.022,2886056.288,secondary,79.992,300.000,2.000,47574,76374,1
ride_hailing_00437,l_415_3_r,726016.401,2888563.635,local,29.988,200.000,1.000,47608,76408,1
ride_hailing_00438,l_588_1_f,726587.481,2885434.269,local,29.988,200.000,1.000,47609,76409,1
ride_hailing_00439,l_11194_0_r,733596.338,2876081.976,tertiary,39.996,200.000,1.000,47644,76444,1
ride_hailing_00440,l_2967_0_r,729106.763,2885435.678,tertiary,50.004,300.000,1.000,47658,76458,1
ride_hailing_00441,l_2370_2_f,724418.968,2889311.908,tertiary,50.004,300.000,1.000,47677,76477,1
ride_hailing_00442,l_5926_3_r,731363.564,2880501.645,tertiary,39.996,200.000,1.000,47723,76523,1
ride_hailing_00443,l_7221_3_f,725978.099,2884202.618,trunk_primary,60.012,300.000,3.000,47795,76595,1
ride_hailing_00444,l_8039_1_r,725053.125,2884826.281,tertiary,50.004,300.000,1.000,47813,76613,1
ride_hailing_00445,l_19_3_f,733956.413,2883687.860,secondary,60.012,300.000,2.000,47861,76661,1
ride_hailing_00446,l_3195_0_f,728772.114,2885740.201,secondary,60.012,300.000,2.000,47869,76669,1
ride_hailing_00447,l_1991_0_f,745498.496,2876395.150,trunk_primary,79.992,300.000,3.000,47871,76671,1
ride_hailing_00448,l_7847_1_f,714731.008,2893496.817,secondary,60.012,300.000,2.000,47874,76674,1
ride_hailing_00449,l_5375_3_r,727975.914,2893832.132,local,29.988,200.000,1.000,47886,76686,1
ride_hailing_00450,l_5787_2_r,727025.675,2882501.331,tertiary,50.004,300.000,1.000,47915,76715,1
ride_hailing_00451,l_9014_0_r,723631.797,2883698.242,local,20.016,100.000,1.000,48002,76802,1
ride_hailing_00452,l_10125_1_f,726424.003,2890812.877,tertiary,50.004,300.000,1.000,48018,76818,1
ride_hailing_00453,l_2385_5_f,727059.468,2886651.512,secondary,60.012,300.000,2.000,48046,76846,2
ride_hailing_00454,l_6941_1_f,729938.991,2884599.680,tertiary,50.004,300.000,1.000,48049,76849,1
ride_hailing_00455,l_806_0_f,735787.403,2880798.441,trunk_primary,79.992,300.000,3.000,48057,76857,1
ride_hailing_00456,l_7563_1_r,732548.532,2882940.600,tertiary,50.004,300.000,1.000,48080,76880,1
ride_hailing_00457,l_115_0_r,731263.194,2888858.230,tertiary,50.004,300.000,1.000,48088,76888,1
ride_hailing_00458,l_10505_5_f,724737.274,2882176.584,local,20.016,100.000,1.000,48092,76892,1
ride_hailing_00459,l_6293_0_f,725984.733,2891263.655,secondary,60.012,300.000,2.000,48136,76936,1
ride_hailing_00460,l_7999_0_f,737447.720,2876371.208,trunk_primary,100.008,400.000,4.000,48144,76944,1
ride_hailing_00461,l_5693_0_f,732564.167,2879268.150,trunk_primary,100.008,300.000,3.000,48159,76959,1
ride_hailing_00462,l_7765_1_r,732924.945,2879965.409,tertiary,50.004,300.000,1.000,48202,77002,1
ride_hailing_00463,l_6405_0_f,731396.974,2891179.776,secondary,79.992,300.000,1.000,48205,77005,1
ride_hailing_00464,l_3539_2_f,730587.612,2886897.396,trunk_primary,79.992,300.000,3.000,48246,77046,1
ride_hailing_00465,l_2240_5_f,734657.320,2879020.159,tertiary,39.996,200.000,1.000,48273,77073,1
ride_hailing_00466,l_473_2_f,727895.345,2886297.154,tertiary,50.004,300.000,1.000,48273,77073,1
ride_hailing_00467,l_2854_5_r,729338.057,2884357.204,tertiary,50.004,300.000,1.000,48276,77076,1
ride_hailing_00468,l_919_3_f,727236.713,2891285.743,tertiary,50.004,300.000,1.000,48309,77109,1
ride_hailing_00469,l_2843_1_f,731135.182,2886380.394,local,29.988,200.000,1.000,48323,77123,1
ride_hailing_00470,l_1114_1_f,735333.398,2885904.882,trunk_primary,79.992,300.000,3.000,48324,77124,1
ride_hailing_00471,l_825_0_f,723996.520,2888858.567,tertiary,39.996,200.000,1.000,48337,77137,1
ride_hailing_00472,l_5163_0_r,734098.422,2885097.961,local,20.016,100.000,1.000,48339,77139,1
ride_hailing_00473,syn_bus_link_001377,734345.182,2876067.728,synthetic,50.004,300.000,1.000,48495,77295,1
ride_hailing_00474,l_10252_1_f,726895.033,2883164.396,local,20.016,100.000,1.000,48546,77346,1
ride_hailing_00475,l_4398_4_f,735100.783,2886118.055,local,20.016,100.000,1.000,48569,77369,1
ride_hailing_00476,l_2034_1_f,733052.954,2881142.022,trunk_primary,79.992,300.000,3.000,48604,77404,1
ride_hailing_00477,l_7836_3_r,714084.880,2893884.212,tertiary,50.004,300.000,1.000,48658,77458,1
ride_hailing_00478,l_8072_3_f,741038.457,2877051.323,secondary,60.012,300.000,2.000,48768,77568,1
ride_hailing_00479,l_164_0_f,730569.354,2891478.917,secondary,60.012,300.000,2.000,48790,77590,1
ride_hailing_00480,l_2744_5_f,731716.472,2893920.090,tertiary,50.004,300.000,1.000,48827,77627,1
ride_hailing_00481,l_1080_5_f,714560.397,2892891.892,trunk_primary,60.012,300.000,4.000,48847,77647,2
ride_hailing_00482,l_11286_0_f,715280.106,2893096.413,secondary,60.012,300.000,2.000,48848,77648,1
ride_hailing_00483,l_4703_1_f,735937.407,2879060.857,local,20.016,100.000,1.000,48880,77680,1
ride_hailing_00484,l_4053_2_r,728492.317,2880040.814,tertiary,39.996,200.000,1.000,48889,77689,1
ride_hailing_00485,l_6878_0_r,732201.705,2888680.612,tertiary,50.004,300.000,1.000,48919,77719,1
ride_hailing_00486,syn_bus_connector_000580,746536.457,2878577.541,synthetic,50.004,300.000,1.000,49110,77910,1
ride_hailing_00487,l_3803_0_f,732340.020,2879600.958,trunk_primary,100.008,300.000,3.000,49115,77915,1
ride_hailing_00488,l_3106_1_r,729867.895,2891869.471,tertiary,50.004,300.000,1.000,49144,77944,1
ride_hailing_00489,l_922_9_f,711942.453,2894153.660,trunk_primary,79.992,300.000,3.000,49167,77967,1
ride_hailing_00490,l_9216_4_r,726209.651,2880247.186,local,20.016,100.000,1.000,49189,77989,1
ride_hailing_00491,syn_bus_link_003071,746507.051,2879702.401,synthetic,50.004,300.000,1.000,49199,77999,1
ride_hailing_00492,l_1565_5_f,733152.941,2885620.947,secondary,60.012,300.000,2.000,49248,78048,1
ride_hailing_00493,l_2135_1_f,727154.493,2884691.200,secondary,60.012,300.000,1.000,49254,78054,1
ride_hailing_00494,l_3274_5_f,732830.008,2878909.919,secondary,60.012,300.000,2.000,49294,78094,1
ride_hailing_00495,l_6534_0_f,730058.564,2893745.797,tertiary,50.004,300.000,1.000,49301,78101,1
ride_hailing_00496,l_9017_0_r,723918.633,2883772.742,local,20.016,100.000,1.000,49330,78130,1
ride_hailing_00497,l_10823_0_r,726711.163,2882911.253,local,20.016,100.000,1.000,49352,78152,1
ride_hailing_00498,syn_bus_connector_000430,746948.521,2877055.336,synthetic,50.004,300.000,1.000,49361,78161,1
ride_hailing_00499,l_4576_1_r,735899.755,2885968.568,local,20.016,100.000,1.000,49421,78221,1
ride_hailing_00500,l_3785_0_f,728781.890,2883822.363,secondary,60.012,300.000,1.000,49450,78250,1
ride_hailing_00501,l_1039_2_r,713513.697,2894108.481,tertiary,50.004,300.000,1.000,49455,78255,1
ride_hailing_00502,l_516_0_f,732921.844,2886349.836,trunk_primary,79.992,300.000,3.000,49456,78256,1
ride_hailing_00503,l_7551_0_f,734742.032,2882118.409,trunk_primary,79.992,300.000,3.000,49459,78259,1
ride_hailing_00504,l_1019_1_f,729152.286,2889067.666,secondary,60.012,300.000,2.000,49517,78317,1
ride_hailing_00505,l_5920_0_f,732679.315,2877523.700,tertiary,39.996,200.000,1.000,49531,78331,1
ride_hailing_00506,l_588_1_r,726587.481,2885434.269,local,29.988,200.000,1.000,49533,78333,1
ride_hailing_00507,l_1458_16_f,735767.239,2883560.397,trunk_primary,79.992,300.000,3.000,49540,78340,1
ride_hailing_00508,l_6801_2_f,741692.029,2877223.685,secondary,60.012,300.000,2.000,49563,78363,1
ride_hailing_00509,l_6800_1_f,741583.012,2877347.033,secondary,60.012,300.000,2.000,49610,78410,1
ride_hailing_00510,l_2488_1_f,731942.449,2885319.109,tertiary,50.004,300.000,1.000,49647,78447,1
ride_hailing_00511,l_4259_0_r,737390.400,2883775.890,secondary,60.012,300.000,1.000,49650,78450,1
ride_hailing_00512,l_6713_0_f,731319.861,2880803.694,local,29.988,200.000,1.000,49667,78467,1
ride_hailing_00513,l_8848_0_f,731592.057,2890365.558,tertiary,39.996,200.000,1.000,49686,78486,1
ride_hailing_00514,l_10558_2_f,724601.971,2882716.734,local,20.016,100.000,1.000,49696,78496,1
ride_hailing_00515,l_6240_0_f,731765.532,2892686.846,secondary,60.012,300.000,2.000,49768,78568,1
ride_hailing_00516,l_4696_5_f,733304.506,2888264.078,secondary,60.012,300.000,2.000,49829,78629,1
ride_hailing_00517,l_10367_1_f,728833.713,2890233.257,tertiary,50.004,300.000,1.000,49851,78651,1
ride_hailing_00518,l_9558_0_f,728760.468,2881160.949,secondary,60.012,300.000,1.000,49866,78666,1
ride_hailing_00519,l_5695_4_f,733295.100,2878259.770,secondary,60.012,300.000,2.000,49906,78706,1
ride_hailing_00520,l_11210_0_f,733622.490,2886676.680,tertiary,50.004,300.000,1.000,49912,78712,1
ride_hailing_00521,l_2972_0_r,723440.697,2886634.260,tertiary,39.996,200.000,1.000,49974,78774,1
ride_hailing_00522,l_2013_1_f,731895.307,2882274.021,trunk_primary,79.992,300.000,3.000,50026,78826,1
ride_hailing_00523,l_3344_0_f,726960.831,2888658.363,secondary,60.012,300.000,2.000,50038,78838,1
ride_hailing_00524,l_7567_1_f,732449.176,2884268.280,tertiary,50.004,300.000,1.000,50145,78945,1
ride_hailing_00525,l_7152_0_f,728297.518,2881232.496,tertiary,39.996,300.000,1.000,50341,79141,1
ride_hailing_00526,l_2278_0_f,735309.487,2882377.020,trunk_primary,60.012,300.000,3.000,50373,79173,1
ride_hailing_00527,syn_bus_connector_000808,723164.210,2883585.711,synthetic,50.004,300.000,1.000,50431,79231,1
ride_hailing_00528,l_10156_7_r,724338.317,2883108.575,local,29.988,200.000,1.000,50504,79304,1
ride_hailing_00529,l_1909_1_r,740867.039,2880080.913,tertiary,50.004,300.000,1.000,50529,79329,1
ride_hailing_00530,l_2385_0_f,727396.488,2885930.572,secondary,60.012,300.000,2.000,50571,79371,1
ride_hailing_00531,l_10125_1_r,726424.003,2890812.877,tertiary,50.004,300.000,1.000,50590,79390,1
ride_hailing_00532,l_4650_0_r,745786.258,2879011.914,local,29.988,200.000,1.000,50653,79453,1
ride_hailing_00533,l_4197_0_f,735154.991,2886384.590,tertiary,50.004,300.000,1.000,50684,79484,1
ride_hailing_00534,l_4479_2_f,728221.880,2885555.671,secondary,60.012,300.000,2.000,50812,79612,1
ride_hailing_00535,l_74_6_f,729111.731,2887849.689,tertiary,50.004,300.000,1.000,50858,79658,1
ride_hailing_00536,l_10408_1_f,728207.711,2883156.497,secondary,60.012,300.000,2.000,50870,79670,1
ride_hailing_00537,l_7176_0_r,723271.609,2885267.790,tertiary,39.996,200.000,1.000,50970,79770,1
ride_hailing_00538,l_9453_0_r,723621.639,2882417.444,local,20.016,100.000,1.000,51027,79827,1
ride_hailing_00539,l_10377_5_r,732065.229,2888335.151,tertiary,39.996,200.000,1.000,51084,79884,1
ride_hailing_00540,l_4956_0_f,719393.714,2890729.529,trunk_primary,79.992,300.000,3.000,51116,79916,1
ride_hailing_00541,l_5364_0_r,734819.019,2887025.678,local,20.016,100.000,1.000,51158,79958,1
ride_hailing_00542,l_266_0_f,735260.863,2882429.025,trunk_primary,100.008,300.000,3.000,51203,80003,1
ride_hailing_00543,l_2337_0_f,730196.907,2882462.027,tertiary,50.004,300.000,1.000,51283,80083,1
ride_hailing_00544,l_7877_0_f,713843.571,2894372.487,local,29.988,200.000,1.000,51306,80106,1
ride_hailing_00545,l_10464_1_f,737036.961,2876449.026,tertiary,50.004,300.000,1.000,51321,80121,1
ride_hailing_00546,l_10281_0_r,724329.055,2881667.975,local,20.016,100.000,1.000,51340,80140,1
ride_hailing_00547,l_8503_0_f,731424.402,2890235.928,secondary,60.012,300.000,2.000,51381,80181,1
ride_hailing_00548,l_9587_2_f,726296.863,2890407.395,tertiary,50.004,300.000,1.000,51387,80187,1
ride_hailing_00549,l_7796_0_r,730707.085,2880985.373,tertiary,39.996,200.000,1.000,51462,80262,1
ride_hailing_00550,l_8546_0_r,732330.815,2889184.663,tertiary,39.996,200.000,1.000,51520,80320,1
ride_hailing_00551,l_894_2_f,722534.456,2887490.620,trunk_primary,100.008,300.000,3.000,51521,80321,1
ride_hailing_00552,syn_bus_connector_000987,738322.086,2875435.788,synthetic,50.004,300.000,1.000,51618,80418,1
ride_hailing_00553,l_3092_0_f,732592.106,2889096.908,trunk_primary,60.012,300.000,3.000,51636,80436,1
ride_hailing_00554,l_8247_0_f,737664.799,2876595.952,local,29.988,200.000,1.000,51646,80446,1
ride_hailing_00555,l_8892_1_f,734928.953,2882170.380,tertiary,50.004,300.000,1.000,51654,80454,1
ride_hailing_00556,l_10974_0_f,726577.039,2884227.785,trunk_primary,100.008,500.000,5.000,51665,80465,1
ride_hailing_00557,l_6655_3_f,728773.239,2892240.250,tertiary,50.004,300.000,1.000,51686,80486,1
ride_hailing_00558,l_2713_2_f,734167.644,2888002.534,trunk_primary,100.008,300.000,3.000,51743,80543,1
ride_hailing_00559,l_7921_0_f,715362.356,2893150.938,secondary,60.012,300.000,2.000,51747,80547,1
ride_hailing_00560,l_6267_2_f,723179.269,2883889.203,secondary,60.012,300.000,2.000,51765,80565,1
ride_hailing_00561,l_6134_0_r,724012.434,2882833.133,local,20.016,100.000,1.000,51818,80618,1
ride_hailing_00562,l_2266_9_f,729858.707,2892075.235,secondary,60.012,300.000,2.000,51863,80663,1
ride_hailing_00563,l_10551_0_f,724723.174,2882821.221,local,20.016,100.000,1.000,51885,80685,1
ride_hailing_00564,l_2472_0_f,735168.492,2884807.304,trunk_primary,79.992,300.000,3.000,51908,80708,1
ride_hailing_00565,l_4452_1_f,733738.815,2887176.183,trunk_primary,79.992,300.000,3.000,51933,80733,1
ride_hailing_00566,l_8575_1_f,728941.144,2879291.287,secondary,60.012,300.000,2.000,52009,80809,1
ride_hailing_00567,l_117_0_f,729712.598,2890804.781,tertiary,50.004,300.000,1.000,52015,80815,1
ride_hailing_00568,l_8991_0_f,725037.798,2883823.379,local,20.016,100.000,1.000,52018,80818,1
ride_hailing_00569,l_1438_3_f,729445.350,2885432.102,tertiary,50.004,300.000,1.000,52027,80827,1
ride_hailing_00570,l_1626_1_r,731018.179,2882791.775,tertiary,39.996,200.000,1.000,52044,80844,1
ride_hailing_00571,l_1257_3_r,730045.197,2887129.499,tertiary,50.004,300.000,1.000,52069,80869,1
ride_hailing_00572,l_6411_0_f,731923.037,2890750.005,secondary,79.992,300.000,1.000,52073,80873,1
ride_hailing_00573,l_6607_0_r,736443.098,2885730.389,tertiary,50.004,300.000,1.000,52085,80885,1
ride_hailing_00574,l_5455_1_r,733925.360,2884441.518,tertiary,50.004,300.000,1.000,52224,81024,1
ride_hailing_00575,l_419_0_r,727206.993,2888408.939,local,29.988,200.000,1.000,52232,81032,1
ride_hailing_00576,l_3756_0_f,728858.823,2880654.078,secondary,60.012,300.000,1.000,52402,81202,1
ride_hailing_00577,l_623_3_f,726682.092,2882051.977,trunk_primary,79.992,300.000,3.000,52406,81206,1
ride_hailing_00578,l_6036_1_f,728898.674,2890835.138,local,29.988,200.000,1.000,52427,81227,1
ride_hailing_00579,l_286_1_f,734175.610,2884927.621,secondary,60.012,300.000,2.000,52443,81243,1
ride_hailing_00580,l_1418_0_f,730653.927,2886175.339,tertiary,50.004,300.000,1.000,52460,81260,1
ride_hailing_00581,l_617_4_f,729184.779,2878721.510,trunk_primary,79.992,300.000,3.000,52532,81332,1
ride_hailing_00582,syn_bus_connector_000797,732603.190,2883328.556,synthetic,50.004,300.000,1.000,52536,81336,1
ride_hailing_00583,l_685_2_f,731023.157,2876781.570,secondary,60.012,300.000,2.000,52565,81365,1
ride_hailing_00584,l_4512_4_f,730182.647,2888908.322,trunk_primary,79.992,300.000,3.000,52659,81459,1
ride_hailing_00585,l_1182_1_f,723458.141,2886425.206,trunk_primary,79.992,300.000,3.000,52695,81495,1
ride_hailing_00586,l_96_0_f,733775.992,2884947.877,tertiary,50.004,300.000,1.000,52711,81511,1
ride_hailing_00587,syn_bus_connector_000694,734297.631,2876205.259,synthetic,50.004,300.000,1.000,52714,81514,1
ride_hailing_00588,l_617_3_f,729302.344,2878960.799,trunk_primary,79.992,300.000,3.000,52717,81517,1
ride_hailing_00589,l_2235_1_r,733120.106,2877529.801,tertiary,39.996,200.000,1.000,52868,81668,1
ride_hailing_00590,l_725_12_r,723797.698,2882089.121,local,29.988,200.000,1.000,52925,81725,1
ride_hailing_00591,l_4857_1_r,730143.961,2881191.325,tertiary,50.004,300.000,1.000,53037,81837,1
ride_hailing_00592,l_1675_5_r,747452.813,2879123.655,tertiary,50.004,300.000,1.000,53161,81961,1
ride_hailing_00593,l_3880_0_r,733280.008,2879009.922,local,29.988,200.000,1.000,53209,82009,1
ride_hailing_00594,l_5496_5_r,733246.053,2886768.558,local,20.016,100.000,1.000,53280,82080,1
ride_hailing_00595,l_10131_5_f,723979.146,2882080.934,local,29.988,200.000,1.000,53331,82131,1
ride_hailing_00596,l_2263_0_f,731975.909,2891271.166,tertiary,50.004,300.000,1.000,53392,82192,1
ride_hailing_00597,l_1367_1_f,732169.878,2888081.350,trunk_primary,79.992,300.000,3.000,53457,82257,1
ride_hailing_00598,l_3579_0_f,711533.877,2894608.816,trunk_primary,79.992,300.000,3.000,53463,82263,1
ride_hailing_00599,l_7507_9_f,735340.948,2888050.337,secondary,60.012,300.000,2.000,53578,82378,1
ride_hailing_00600,l_5453_1_f,733610.338,2884521.714,secondary,60.012,300.000,2.000,53587,82387,1
ride_hailing_00601,l_10741_2_f,734706.691,2886493.675,secondary,79.992,300.000,2.000,53600,82400,1
ride_hailing_00602,l_74_3_f,729152.431,2887685.151,tertiary,50.004,300.000,1.000,53735,82535,1
ride_hailing_00603,l_1093_0_f,728700.543,2889048.565,secondary,60.012,300.000,2.000,53739,82539,1
ride_hailing_00604,l_2231_2_f,734286.928,2878053.923,tertiary,39.996,200.000,1.000,53751,82551,1
ride_hailing_00605,l_1618_1_f,729929.311,2883278.765,trunk_primary,79.992,300.000,3.000,53789,82589,1
ride_hailing_00606,l_3578_8_f,713113.955,2893877.046,trunk_primary,79.992,300.000,3.000,53839,82639,1
ride_hailing_00607,l_7467_0_f,733943.157,2892605.737,secondary,60.012,300.000,2.000,53913,82713,1
ride_hailing_00608,l_5474_3_f,732806.102,2885517.600,tertiary,50.004,300.000,1.000,53948,82748,1
ride_hailing_00609,l_6782_4_f,739070.194,2880253.234,trunk_primary,79.992,300.000,3.000,54054,82854,1
ride_hailing_00610,l_9461_0_f,723744.529,2882291.553,local,20.016,100.000,1.000,54436,83236,1
ride_hailing_00611,l_5474_0_r,732664.926,2885858.468,tertiary,50.004,300.000,1.000,54498,83298,1
ride_hailing_00612,l_796_1_f,731973.355,2890653.910,secondary,60.012,300.000,2.000,54502,83302,1
ride_hailing_00613,l_1350_0_f,731359.828,2887299.855,trunk_primary,79.992,300.000,3.000,54520,83320,1
ride_hailing_00614,l_538_1_r,733715.815,2885295.346,local,20.016,100.000,1.000,54747,83547,1
ride_hailing_00615,l_1200_1_f,747601.152,2879062.148,trunk_primary,79.992,300.000,3.000,54748,83548,1
ride_hailing_00616,l_24_5_f,729970.725,2890220.769,local,20.016,100.000,1.000,54865,83665,1
ride_hailing_00617,l_541_2_f,732362.856,2885872.630,secondary,60.012,300.000,2.000,54955,83755,1
ride_hailing_00618,l_6957_0_f,729448.384,2884678.724,tertiary,50.004,300.000,1.000,55214,84014,1
ride_hailing_00619,l_1063_0_f,736002.448,2881040.650,local,20.016,100.000,1.000,55323,84123,1
ride_hailing_00620,l_8688_1_f,741902.624,2876344.856,secondary,60.012,300.000,2.000,55693,84493,1
ride_hailing_00621,l_1196_5_f,734819.860,2878667.424,trunk_primary,79.992,360.000,4.000,55950,84750,1
ride_hailing_00622,l_1042_3_r,712200.071,2894128.630,tertiary,50.004,300.000,1.000,56206,85006,1
ride_hailing_00623,l_288_8_f,736669.935,2886406.216,secondary,60.012,300.000,2.000,56278,85078,1
ride_hailing_00624,l_5896_0_f,727229.164,2878767.589,local,29.988,200.000,1.000,56331,85131,1
ride_hailing_00625,l_862_1_f,738236.853,2880737.048,secondary,60.012,300.000,1.000,56909,85709,1
ride_hailing_00626,l_3009_2_f,729728.951,2880720.046,secondary,60.012,300.000,2.000,56993,85793,1
ride_hailing_00627,l_348_1_r,732497.909,2893297.564,tertiary,50.004,300.000,1.000,57134,85934,1
ride_hailing_00628,syn_bus_connector_000338,739004.421,2879110.156,synthetic,50.004,300.000,1.000,57242,86042,1
ride_hailing_00629,l_7710_5_f,741910.353,2880537.965,secondary,60.012,300.000,2.000,57476,86276,1
ride_hailing_00630,l_4253_1_r,729981.750,2885680.669,tertiary,50.004,300.000,1.000,57551,86351,1
ride_hailing_00631,l_10102_0_f,735045.318,2883867.813,trunk_primary,79.992,300.000,3.000,57600,86400,1
ride_hailing_00632,l_9766_0_r,724675.315,2883828.562,local,29.988,200.000,1.000,57600,86400,1
ride_hailing_00633,l_7874_3_r,713956.659,2894304.619,local,29.988,200.000,1.000,57600,86400,1
ride_hailing_00634,l_134_0_f,727518.084,2891590.225,trunk_primary,119.988,330.000,3.000,57600,86400,1
ride_hailing_00635,l_1695_0_r,732299.349,2881476.400,tertiary,50.004,300.000,1.000,57600,86400,1
ride_hailing_00636,l_6616_1_f,739059.162,2876209.809,secondary,60.012,300.000,2.000,57600,86400,1
ride_hailing_00637,l_5442_6_f,731868.421,2884098.244,trunk_primary,79.992,300.000,3.000,57600,86400,1
ride_hailing_00638,l_4992_5_f,715506.571,2893529.988,secondary,60.012,300.000,2.000,57600,86400,1
ride_hailing_00639,l_7128_0_f,734999.924,2882125.083,tertiary,50.004,300.000,1.000,57600,86400,1
ride_hailing_00640,l_7493_0_r,735449.737,2884280.355,tertiary,50.004,300.000,1.000,57600,86400,1
ride_hailing_00641,l_2028_6_f,730213.554,2885069.242,trunk_primary,79.992,300.000,3.000,57600,86400,1
ride_hailing_00642,l_9737_0_f,723760.804,2885369.585,local,20.016,100.000,1.000,57600,86400,1
ride_hailing_00643,l_5405_1_r,726727.981,2886837.379,tertiary,50.004,300.000,1.000,57600,86400,1
ride_hailing_00644,l_4944_1_r,735425.431,2884157.695,local,20.016,100.000,1.000,57600,86400,1
ride_hailing_00645,l_2791_0_f,735842.707,2887281.172,trunk_primary,79.992,300.000,3.000,57600,86400,1
ride_hailing_00646,l_2776_2_f,729885.184,2884064.133,secondary,60.012,300.000,2.000,57600,86400,1
ride_hailing_00647,l_9777_3_f,724660.090,2883896.449,local,29.988,200.000,1.000,57600,86400,1
ride_hailing_00648,l_6507_0_r,746175.969,2879295.634,local,29.988,200.000,1.000,57600,86400,1
ride_hailing_00649,l_9825_0_r,724376.708,2883455.916,local,20.016,100.000,1.000,57600,86400,1
ride_hailing_00650,l_4492_4_f,730942.715,2884965.944,trunk_primary,79.992,300.000,3.000,57600,86400,2
ride_hailing_00651,l_6385_1_f,729140.238,2893485.010,secondary,60.012,300.000,2.000,57600,86400,1
ride_hailing_00652,l_3449_6_r,727729.889,2881960.104,tertiary,50.004,300.000,1.000,57600,86400,1
ride_hailing_00653,l_1379_0_f,733198.804,2884811.075,trunk_primary,100.008,300.000,3.000,57600,86400,1
ride_hailing_00654,l_3290_0_f,737223.969,2879612.808,secondary,60.012,300.000,2.000,57600,86400,1
ride_hailing_00655,l_655_1_f,723438.713,2885408.192,tertiary,50.004,300.000,1.000,57600,86400,1
ride_hailing_00656,l_8988_3_f,724905.155,2884031.197,local,20.016,100.000,1.000,57600,86400,1
ride_hailing_00657,l_331_3_f,729110.454,2892149.281,tertiary,50.004,300.000,1.000,57600,86400,1
ride_hailing_00658,syn_bus_link_001004,729493.495,2894755.863,synthetic,50.004,300.000,1.000,57600,86400,1
ride_hailing_00659,l_943_0_f,736593.113,2886990.321,trunk_primary,119.988,330.000,3.000,57600,86400,1
ride_hailing_00660,l_10377_5_f,732065.229,2888335.151,tertiary,39.996,200.000,1.000,57600,86400,1
ride_hailing_00661,l_10079_5_r,734817.190,2885433.753,secondary,60.012,300.000,2.000,57600,86400,1
ride_hailing_00662,l_2682_0_f,724730.485,2881285.318,tertiary,50.004,300.000,1.000,57600,86400,1
ride_hailing_00663,l_5839_6_f,735239.873,2888650.543,trunk_primary,60.012,300.000,3.000,57600,86400,1
ride_hailing_00664,l_3876_0_f,732481.677,2880009.728,local,29.988,200.000,1.000,57600,86400,1
ride_hailing_00665,l_8060_3_f,734870.007,2886909.602,secondary,60.012,300.000,2.000,57600,86400,1
ride_hailing_00666,l_2049_7_f,742722.343,2880066.425,tertiary,50.004,300.000,1.000,57600,86400,1
ride_hailing_00667,l_5710_0_f,734209.575,2877628.145,secondary,60.012,300.000,1.000,57600,86400,1
ride_hailing_00668,l_10072_0_f,726495.502,2884322.149,secondary,60.012,300.000,1.000,57600,86400,1
ride_hailing_00669,l_997_0_f,730298.495,2876629.123,secondary,60.012,300.000,1.000,57600,86400,1
ride_hailing_00670,l_2850_0_f,734181.993,2880273.421,tertiary,39.996,200.000,1.000,57600,86400,1
ride_hailing_00671,l_3491_0_f,737927.752,2881272.163,secondary,60.012,300.000,1.000,57600,86400,1
ride_hailing_00672,l_8723_0_r,730269.042,2886394.346,tertiary,50.004,300.000,1.000,57600,86400,1
ride_hailing_00673,l_863_1_f,729166.048,2893587.054,secondary,60.012,300.000,2.000,57600,86400,2
ride_hailing_00674,l_559_0_f,729739.009,2883640.189,trunk_primary,79.992,300.000,3.000,57600,86400,1
ride_hailing_00675,l_6520_0_f,730436.552,2894040.409,trunk_primary,79.992,300.000,3.000,57600,86400,1
ride_hailing_00676,l_2664_0_f,725618.176,2883416.061,tertiary,50.004,300.000,1.000,57600,86400,1
ride_hailing_00677,l_8885_2_f,734425.779,2881174.731,secondary,60.012,300.000,2.000,57600,86400,1
ride_hailing_00678,l_8046_0_f,725390.907,2882210.004,trunk_primary,79.992,300.000,3.000,57600,86400,1
ride_hailing_00679,l_5986_0_f,729658.649,2887500.707,local,29.988,200.000,1.000,57600,86400,1
ride_hailing_00680,l_99_0_f,730299.358,2888600.813,tertiary,50.004,300.000,1.000,57600,86400,1
ride_hailing_00681,l_6189_2_f,726824.667,2888319.780,local,29.988,200.000,1.000,57600,86400,1
ride_hailing_00682,l_5179_0_r,735753.775,2885667.204,local,20.016,100.000,1.000,57600,86400,1
ride_hailing_00683,l_746_1_f,723069.749,2883683.072,secondary,60.012,300.000,1.000,57600,86400,1
ride_hailing_00684,l_815_1_f,728394.885,2892828.129,tertiary,50.004,300.000,1.000,57600,86400,1
ride_hailing_00685,l_2661_1_f,725863.910,2881891.078,tertiary,50.004,300.000,1.000,57600,86400,1
ride_hailing_00686,l_2680_9_f,724465.762,2882614.692,trunk_primary,79.992,300.000,3.000,57600,86400,1
ride_hailing_00687,l_1384_0_f,731880.223,2884897.219,secondary,50.004,300.000,2.000,57600,86400,1
ride_hailing_00688,l_7277_4_f,724047.091,2884218.488,secondary,60.012,300.000,2.000,57600,86400,1
ride_hailing_00689,l_3796_2_r,735530.652,2883260.268,secondary,50.004,300.000,2.000,57600,86400,1
ride_hailing_00690,l_1493_0_r,727769.126,2886455.133,tertiary,50.004,300.000,1.000,57600,86400,1
ride_hailing_00691,l_7197_0_f,723435.448,2884991.967,tertiary,39.996,200.000,1.000,57600,86400,1
ride_hailing_00692,l_5247_1_r,733429.037,2885555.087,local,20.016,100.000,1.000,57600,86400,1
ride_hailing_00693,l_2776_1_f,729889.924,2884228.562,secondary,60.012,300.000,2.000,57600,86400,1
ride_hailing_00694,l_1645_0_r,734292.559,2881667.251,tertiary,50.004,300.000,1.000,57600,86400,1
