line_id,route_id,stop_count,route_link_count,route_length_m,service_length_m,old_terminal_offset_s,new_terminal_offset_s,old_commercial_speed_kmh,new_commercial_speed_kmh,offsets_strictly_increasing,index_warning_count
bus_line_350100010003,bus_route_350100010003,22,340,31945.979,31945.979,1806.0,4897.018,63.68,23.485,true,0
bus_line_350100010004,bus_route_350100010004,22,245,20144.257,20144.257,1110.0,3218.365,65.333,22.533,true,0
bus_line_350100010005,bus_route_350100010005,29,511,66616.279,66563.506,3714.0,9856.927,64.52,24.311,true,0
bus_line_350100010008,bus_route_350100010008,33,368,41261.348,41261.348,2441.0,6551.949,60.852,22.671,true,0
bus_line_350100010009,bus_route_350100010009,28,508,68247.834,67378.452,3527.0,9591.992,68.773,25.288,true,0
bus_line_350100010010,bus_route_350100010010,29,343,42790.149,42790.149,2384.0,6581.7,64.616,23.405,true,0
bus_line_350100010011,bus_route_350100010011,26,194,27775.276,27775.276,1399.0,4233.478,71.473,23.619,true,0
bus_line_350100010012,bus_route_350100010012,25,141,21114.886,21114.886,1107.0,3347.874,68.666,22.705,true,0
bus_line_350100010013,bus_route_350100010013,38,445,49844.184,49844.184,2654.0,7447.712,67.611,24.093,true,0
bus_line_350100010014,bus_route_350100010014,40,542,67055.989,67055.989,3571.0,9794.091,67.601,24.648,true,0
bus_line_350100010015,bus_route_350100010015,23,138,18282.498,18102.055,993.0,2943.272,65.627,22.141,true,0
bus_line_350100010016,bus_route_350100010016,27,332,44192.6,43862.229,2343.0,6505.959,67.394,24.271,true,0
bus_line_350100010018,bus_route_350100010018,28,380,48287.5,48271.062,2548.0,7126.548,68.201,24.384,true,0
bus_line_350100010019,bus_route_350100010019,27,413,54748.882,54748.882,2730.0,7682.666,72.196,25.655,true,0
bus_line_350100010020,bus_route_350100010020,30,441,59471.387,59471.387,3256.0,8710.294,65.755,24.58,true,0
bus_line_350100010021,bus_route_350100010021,35,446,50425.521,50425.521,2541.0,7415.873,71.441,24.479,true,0
bus_line_350100010022,bus_route_350100010022,38,366,42114.149,42114.149,2078.0,6349.369,72.96,23.878,true,0
bus_line_350100010023,bus_route_350100010023,37,494,60894.625,60894.625,3293.0,9061.634,66.572,24.192,true,0
bus_line_350100010024,bus_route_350100010024,37,526,69640.468,69640.468,3630.0,10096.015,69.065,24.832,true,0
bus_line_350100010025,bus_route_350100010025,30,174,20426.875,20426.875,1156.0,3462.866,63.613,21.236,true,0
bus_line_350100010026,bus_route_350100010026,26,138,17375.452,17375.452,922.0,2886.037,67.843,21.674,true,0
bus_line_350100010027,bus_route_350100010027,34,410,51928.499,51674.705,2838.0,7868.776,65.549,23.641,true,0
bus_line_350100010028,bus_route_350100010028,33,444,67514.547,67514.547,3634.0,9860.743,66.883,24.648,true,0
bus_line_350100010031,bus_route_350100010031,36,399,58461.992,58182.643,3127.0,8678.886,66.984,24.134,true,0
bus_line_350100010032,bus_route_350100010032,35,427,49709.145,49709.145,2817.0,7590.897,63.526,23.575,true,0
bus_line_350100010033,bus_route_350100010033,32,416,49940.204,49940.204,2835.0,7567.441,63.416,23.758,true,0
bus_line_350100010034,bus_route_350100010034,32,325,45678.934,45678.934,2501.0,6790.283,65.751,24.218,true,0
bus_line_350100010035,bus_route_350100010035,28,234,27827.541,27827.541,1422.0,4265.441,70.449,23.486,true,0
bus_line_350100010036,bus_route_350100010036,27,246,29686.43,29686.43,1579.0,4580.106,67.683,23.334,true,0
bus_line_350100010037,bus_route_350100010037,36,554,75673.013,75545.568,4045.0,10910.292,67.235,24.927,true,0
bus_line_350100010038,bus_route_350100010038,39,468,64217.86,64217.86,3550.0,9588.435,65.122,24.111,true,0
bus_line_350100010041,bus_route_350100010041,27,181,21383.113,21383.113,1228.0,3526.118,62.687,21.831,true,0
bus_line_350100010042,bus_route_350100010042,27,118,14843.319,14843.319,836.0,2572.695,63.919,20.77,true,0
bus_line_350100010046,bus_route_350100010046,35,384,44493.77,43261.478,2197.0,6488.515,70.888,24.003,true,0
bus_line_350100010047,bus_route_350100010047,26,347,37420.996,37420.996,1996.0,5586.946,67.493,24.113,true,0
bus_line_350100010048,bus_route_350100010048,29,459,53090.509,53090.509,2792.0,7718.2,68.455,24.763,true,0
bus_line_350100010049,bus_route_350100010049,29,289,35045.216,35045.216,1898.0,5366.414,66.471,23.51,true,0
bus_line_350100010050,bus_route_350100010050,28,438,62370.424,62260.028,2943.0,8664.942,76.159,25.867,true,0
bus_line_350100010051,bus_route_350100010051,23,158,21390.07,21390.07,892.0,3125.839,86.328,24.635,true,0
bus_line_350100010052,bus_route_350100010052,23,209,27057.325,27057.325,1256.0,3990.593,77.553,24.409,true,0
bus_line_350100010054,bus_route_350100010054,41,315,54605.828,54605.828,3254.0,8623.53,60.412,22.796,true,0
bus_line_350100010055,bus_route_350100010055,20,200,21326.872,21216.476,1265.0,3484.78,60.379,21.918,true,0
bus_line_350100010056,bus_route_350100010056,19,254,28633.969,28633.969,1591.0,4415.077,64.791,23.348,true,0
bus_line_350100010057,bus_route_350100010057,34,622,115562.572,115562.572,6854.0,17215.316,60.698,24.166,true,0
bus_line_350100010058,bus_route_350100010058,40,551,98190.488,90373.517,5553.0,14106.419,58.589,23.064,true,0
bus_line_350100010059,bus_route_350100010059,42,373,58560.849,58496.766,3570.0,9285.642,58.988,22.679,true,0
bus_line_350100010061,bus_route_350100010061,16,391,63052.748,31782.752,1777.0,4654.365,64.388,24.583,true,0
bus_line_350100010062,bus_route_350100010062,21,396,77072.772,77072.772,3893.0,10471.707,71.272,26.496,true,0
bus_line_350100010063,bus_route_350100010063,13,184,25068.537,24891.545,1242.0,3580.82,72.149,25.025,true,0
bus_line_350100010064,bus_route_350100010064,13,152,22336.996,22336.996,1108.0,3239.769,72.575,24.821,true,0
bus_line_350100010065,bus_route_350100010065,25,323,39252.735,38956.49,2026.0,5778.392,69.222,24.27,true,0
bus_line_350100010066,bus_route_350100010066,23,259,23543.39,23543.39,1343.0,3698.43,63.11,22.917,true,0
bus_line_350100010067,bus_route_350100010067,27,342,48725.247,48725.247,2485.0,7083.322,70.588,24.764,true,0
bus_line_350100010068,bus_route_350100010068,26,282,46092.173,46092.173,2146.0,6535.177,77.321,25.391,true,0
bus_line_350100010069,bus_route_350100010069,36,559,90237.787,90237.787,5121.0,13501.206,63.436,24.061,true,0
bus_line_350100010071,bus_route_350100010071,39,483,62278.296,62278.296,3238.0,9223.423,69.241,24.308,true,0
bus_line_350100010072,bus_route_350100010072,39,395,44087.291,43986.709,2554.0,6947.026,62.002,22.794,true,0
bus_line_350100010073,bus_route_350100010073,26,158,23867.132,23867.132,1177.0,3664.116,73.001,23.449,true,0
bus_line_350100010074,bus_route_350100010074,27,172,22908.453,22908.453,1197.0,3585.82,68.898,22.999,true,0
bus_line_350100010077,bus_route_350100010077,34,556,84925.047,84739.076,4377.0,11969.784,69.696,25.486,true,0
bus_line_350100010078,bus_route_350100010078,32,418,56154.019,56154.019,2899.0,8122.278,69.732,24.889,true,0
bus_line_350100010079,bus_route_350100010079,31,619,86715.364,86715.364,5139.0,13050.095,60.746,23.921,true,0
bus_line_350100010080,bus_route_350100010080,28,471,63740.417,63740.417,3882.0,9659.026,59.11,23.757,true,0
bus_line_350100010081,bus_route_350100010081,34,282,37396.846,37396.846,2076.0,5825.822,64.85,23.109,true,0
bus_line_350100010082,bus_route_350100010082,34,242,31760.904,31660.322,1788.0,5111.43,63.746,22.298,true,0
bus_line_350100010083,bus_route_350100010083,22,458,58354.424,58354.424,3156.0,8384.633,66.564,25.055,true,0
bus_line_350100010084,bus_route_350100010084,28,564,68295.5,68295.5,3456.0,9586.153,71.141,25.648,true,0
bus_line_350100010087,bus_route_350100010087,34,400,58415.651,58415.651,3525.0,9198.018,59.659,22.863,true,0
bus_line_350100010088,bus_route_350100010088,35,402,62366.777,54549.806,3201.0,8506.244,61.349,23.086,true,0
bus_line_350100010089,bus_route_350100010089,28,346,43288.169,43288.169,2336.0,6432.828,66.711,24.225,true,0
bus_line_350100010090,bus_route_350100010090,26,352,49332.268,48910.538,2447.0,6987.374,71.957,25.199,true,0
bus_line_350100010091,bus_route_350100010091,32,408,51760.807,51760.807,2600.0,7479.277,71.669,24.914,true,0
bus_line_350100010092,bus_route_350100010092,33,259,41251.406,41251.406,2157.0,6182.202,68.848,24.021,true,0
bus_line_350100010093,bus_route_350100010093,35,186,21990.12,21879.724,1174.0,3692.614,67.093,21.331,true,0
bus_line_350100010094,bus_route_350100010094,36,202,23040.398,22920.886,1219.0,3836.079,67.691,21.51,true,0
bus_line_350100010095,bus_route_350100010095,36,226,30079.646,30079.646,1722.0,4922.436,62.884,21.999,true,0
bus_line_350100010096,bus_route_350100010096,37,350,45545.341,43323.561,2617.0,6971.941,59.597,22.37,true,0
bus_line_350100010097,bus_route_350100010097,40,439,52998.382,52186.797,3058.0,8242.083,61.436,22.794,true,0
bus_line_350100010098,bus_route_350100010098,40,361,41289.615,40057.323,2442.0,6636.795,59.053,21.728,true,0
bus_line_350100010099,bus_route_350100010099,42,426,52346.995,52326.704,2900.0,8056.929,64.957,23.381,true,0
bus_line_350100010100,bus_route_350100010100,42,305,39463.766,39463.766,2252.0,6411.911,63.086,22.157,true,0
bus_line_350100010101,bus_route_350100010101,33,519,73893.975,73893.975,4157.0,11059.473,63.993,24.053,true,0
bus_line_350100010102,bus_route_350100010102,34,507,65329.928,65329.928,3830.0,9968.417,61.407,23.593,true,0
bus_line_350100010105,bus_route_350100010105,27,293,30941.257,30941.257,1619.0,4704.928,68.801,23.675,true,0
bus_line_350100010106,bus_route_350100010106,26,325,33696.131,33696.131,1766.0,5072.896,68.69,23.913,true,0
bus_line_350100010107,bus_route_350100010107,36,251,29493.164,29373.652,1695.0,4829.989,62.387,21.893,true,0
bus_line_350100010108,bus_route_350100010108,38,218,29940.437,29903.048,1595.0,4860.257,67.493,22.149,true,0
bus_line_350100010109,bus_route_350100010109,39,419,47997.639,47811.668,2766.0,7585.23,62.228,22.692,true,0
bus_line_350100010110,bus_route_350100010110,41,383,41551.748,41531.457,2399.0,6713.872,62.323,22.269,true,0
bus_line_350100010111,bus_route_350100010111,39,244,31321.986,31321.986,1719.0,5065.154,65.596,22.262,true,0
bus_line_350100010112,bus_route_350100010112,32,216,28770.238,28749.947,1446.0,4421.538,71.577,23.408,true,0
bus_line_350100010115,bus_route_350100010115,11,83,13743.062,13743.062,774.0,2129.863,63.921,23.229,true,0
bus_line_350100010116,bus_route_350100010116,10,93,17908.868,17789.356,1075.0,2750.986,59.574,23.28,true,0
bus_line_350100010117,bus_route_350100010117,29,286,34343.542,34172.409,1881.0,5306.228,65.402,23.184,true,0
bus_line_350100010118,bus_route_350100010118,27,306,37561.301,37561.301,1907.0,5504.261,70.908,24.567,true,0
bus_line_350100010125,bus_route_350100010125,36,620,89112.58,89112.58,4807.0,12937.399,66.737,24.797,true,0
bus_line_350100010126,bus_route_350100010126,35,626,85476.28,85476.28,4850.0,12615.142,63.446,24.392,true,0
bus_line_350100010127,bus_route_350100010127,18,96,13002.489,12563.206,669.0,1986.898,67.605,22.763,true,0
bus_line_350100010128,bus_route_350100010128,16,99,14606.149,14058.367,685.0,2151.823,73.883,23.52,true,0
bus_line_350100010131,bus_route_350100010131,23,288,26927.646,26863.563,1575.0,4322.755,61.402,22.372,true,0
bus_line_350100010132,bus_route_350100010132,23,227,24897.62,24897.62,1478.0,4046.333,60.644,22.151,true,0
bus_line_350100010135,bus_route_350100010135,39,249,36503.799,36503.799,2443.0,6173.868,53.792,21.285,true,0
bus_line_350100010136,bus_route_350100010136,37,297,46615.62,46615.62,2794.0,7454.238,60.063,22.513,true,0
bus_line_350100010137,bus_route_350100010137,36,219,29336.326,28888.41,1826.0,4984.179,56.954,20.866,true,0
bus_line_350100010138,bus_route_350100010138,29,376,55073.699,44835.104,3088.0,6739.858,52.269,23.948,true,0
bus_line_350100010139,bus_route_350100010139,25,190,23266.437,23266.437,1342.0,3744.754,62.414,22.367,true,0
bus_line_350100010140,bus_route_350100010140,26,268,27034.44,27034.44,1395.0,4162.593,69.766,23.381,true,0
bus_line_350100010141,bus_route_350100010141,20,188,30355.239,30355.239,1594.0,4440.658,68.556,24.609,true,0
bus_line_350100010142,bus_route_350100010142,20,171,26898.284,26898.284,1340.0,3884.846,72.264,24.926,true,0
bus_line_350100010145,bus_route_350100010145,37,619,86162.838,86162.838,4565.0,12345.806,67.949,25.125,true,0
bus_line_350100010146,bus_route_350100010146,31,419,55928.67,55117.085,2941.0,8070.247,67.467,24.587,true,0
bus_line_350100010147,bus_route_350100010147,32,442,53710.874,53710.874,3025.0,8039.509,63.92,24.051,true,0
bus_line_350100010148,bus_route_350100010148,34,284,37551.057,36442.151,2123.0,5779.685,61.795,22.699,true,0
bus_line_350100010149,bus_route_350100010149,27,282,34487.075,34350.39,1846.0,5220.7,66.989,23.687,true,0
bus_line_350100010150,bus_route_350100010150,29,427,54781.194,53001.792,2677.0,7643.591,71.276,24.963,true,0
bus_line_350100010151,bus_route_350100010151,46,454,59985.843,58876.937,3252.0,9066.829,65.177,23.377,true,0
bus_line_350100010152,bus_route_350100010152,45,378,49946.634,49946.634,2797.0,7832.225,64.286,22.957,true,0
bus_line_350100010153,bus_route_350100010153,32,280,31561.023,31561.023,1759.0,4991.307,64.593,22.764,true,0
bus_line_350100010154,bus_route_350100010154,30,338,39116.615,38746.602,2105.0,5801.841,66.265,24.042,true,0
bus_line_350100010155,bus_route_350100010155,36,437,46616.237,46616.237,2459.0,7036.928,68.247,23.848,true,0
bus_line_350100010156,bus_route_350100010156,34,469,55561.565,55451.169,2868.0,8089.082,69.604,24.678,true,0
bus_line_350100010157,bus_route_350100010157,37,413,62812.3,62795.862,3579.0,9629.129,63.164,23.477,true,0
bus_line_350100010158,bus_route_350100010158,34,303,40221.213,39180.113,2521.0,6511.438,55.949,21.662,true,0
bus_line_350100010163,bus_route_350100010163,29,448,58761.843,48742.605,2551.0,7205.119,68.786,24.354,true,0
bus_line_350100010164,bus_route_350100010164,32,425,58505.812,58505.812,3078.0,8641.701,68.428,24.373,true,0
bus_line_350100010167,bus_route_350100010167,35,235,26185.955,26085.373,1407.0,4295.2,66.743,21.863,true,0
bus_line_350100010168,bus_route_350100010168,32,224,29651.481,29651.481,1811.0,4855.981,58.943,21.982,true,0
bus_line_350100010171,bus_route_350100010171,16,78,16037.448,15704.418,957.0,2610.967,59.076,21.653,true,0
bus_line_350100010172,bus_route_350100010172,14,79,12933.334,12933.334,846.0,2216.816,55.035,21.003,true,0
bus_line_350100010173,bus_route_350100010173,33,273,39985.824,39985.824,2309.0,6201.581,62.343,23.212,true,0
bus_line_350100010174,bus_route_350100010174,35,238,34138.076,31916.296,1827.0,5221.995,62.889,22.003,true,0
bus_line_350100010175,bus_route_350100010175,23,272,38131.185,38131.185,2044.0,5632.824,67.159,24.37,true,0
bus_line_350100010176,bus_route_350100010176,24,293,40930.063,40930.063,2046.0,5916.841,72.018,24.903,true,0
bus_line_350100010193,bus_route_350100010193,15,277,48375.151,48375.151,2766.0,6961.75,62.961,25.015,true,0
bus_line_350100010197,bus_route_350100010197,22,447,69052.143,68820.366,4060.0,10308.834,61.023,24.033,true,0
bus_line_350100010198,bus_route_350100010198,14,157,18947.43,18947.43,1191.0,3020.678,57.272,22.581,true,0
bus_line_350100010199,bus_route_350100010199,10,56,7215.884,7215.884,466.0,1233.3,55.745,21.063,true,0
bus_line_350100010200,bus_route_350100010200,24,247,36836.873,36157.613,1861.0,5358.633,69.945,24.291,true,0
bus_line_350100010202,bus_route_350100010202,25,365,57887.516,57605.211,3665.0,8915.154,56.584,23.261,true,0
bus_line_350100010205,bus_route_350100010205,19,501,81439.905,81439.905,4432.0,11289.858,66.152,25.969,true,0
bus_line_350100010207,bus_route_350100010207,24,226,28034.59,28034.59,1737.0,4530.979,58.103,22.274,true,0
bus_line_350100010209,bus_route_350100010209,9,68,10792.307,10792.307,546.0,1609.788,71.158,24.135,true,0
bus_line_350100010211,bus_route_350100010211,37,281,36975.321,36975.321,2121.0,5960.992,62.759,22.33,true,0
bus_line_350100010212,bus_route_350100010212,36,315,36659.482,36659.482,2102.0,5882.148,62.785,22.436,true,0
bus_line_350100010213,bus_route_350100010213,15,98,11418.034,11418.034,634.0,1848.117,64.834,22.242,true,0
bus_line_350100010216,bus_route_350100010216,21,208,22878.344,22878.344,1345.0,3677.141,61.236,22.398,true,0
bus_line_350100010217,bus_route_350100010217,15,80,10144.287,10144.287,547.0,1676.929,66.763,21.778,true,0
bus_line_350100010220,bus_route_350100010220,20,499,80045.974,48775.978,2582.0,6987.994,68.007,25.128,true,0
bus_line_350100010221,bus_route_350100010221,22,172,20621.214,20621.214,1094.0,3265.164,67.858,22.736,true,0
bus_line_350100010224,bus_route_350100010224,12,203,34703.99,34703.99,1986.0,4843.961,62.908,25.792,true,0
bus_line_350100010228,bus_route_350100010228,32,427,49057.791,49057.791,2606.0,7293.667,67.77,24.214,true,0
bus_line_350100010230,bus_route_350100010230,33,446,51899.31,51645.516,2709.0,7664.065,68.632,24.259,true,0
bus_line_350100010231,bus_route_350100010231,27,504,60071.907,60071.907,2963.0,8457.325,72.986,25.571,true,0
bus_line_350100010232,bus_route_350100010232,44,509,72603.826,71437.062,3694.0,10439.606,69.619,24.634,true,0
bus_line_350100010233,bus_route_350100010233,9,86,12302.34,12074.506,671.0,1866.599,64.781,23.287,true,0
bus_line_350100010234,bus_route_350100010234,29,419,83090.227,83090.227,5296.0,12839.9,56.481,23.297,true,0
bus_line_350100010235,bus_route_350100010235,46,550,81297.845,80967.474,3869.0,11545.109,75.338,25.247,true,0
bus_line_350100010236,bus_route_350100010236,24,376,49090.49,49090.49,2713.0,7205.774,65.14,24.526,true,0
bus_line_350100010237,bus_route_350100010237,30,325,55192.452,55128.369,3404.0,8715.549,58.303,22.771,true,0
bus_line_350100010238,bus_route_350100010238,36,273,40080.323,40080.323,2100.0,6104.015,68.709,23.638,true,0
bus_line_350100010239,bus_route_350100010239,31,413,47347.745,47347.745,2744.0,7288.893,62.118,23.385,true,0
bus_line_350100010240,bus_route_350100010240,40,534,81340.813,81246.43,4051.0,11640.455,72.201,25.127,true,0
bus_line_350100010241,bus_route_350100010241,22,168,22835.466,22835.466,953.0,3286.538,86.262,25.013,true,0
bus_line_350100010242,bus_route_350100010242,30,415,74072.867,74072.867,4171.0,11065.555,63.932,24.098,true,0
bus_line_350100010243,bus_route_350100010243,22,233,32461.743,32461.743,1835.0,4962.636,63.685,23.548,true,0
bus_line_350100010244,bus_route_350100010244,21,219,30982.07,30750.293,1741.0,4705.562,63.585,23.526,true,0
bus_line_350100010245,bus_route_350100010245,34,237,33392.264,33392.264,1706.0,5163.982,70.464,23.279,true,0
bus_line_350100010246,bus_route_350100010246,41,427,61631.623,61631.623,3248.0,9171.997,68.311,24.19,true,0
bus_line_350100010247,bus_route_350100010247,29,371,37828.804,37828.804,2271.0,5900.834,59.966,23.079,true,0
bus_line_350100010248,bus_route_350100010248,22,222,28217.105,28217.105,1305.0,4114.88,77.84,24.686,true,0
bus_line_350100010249,bus_route_350100010249,26,343,44461.47,44461.47,2327.0,6483.372,68.784,24.688,true,0
bus_line_350100010250,bus_route_350100010250,24,295,39844.16,39405.26,2279.0,6054.807,62.246,23.429,true,0
bus_line_350100010251,bus_route_350100010251,29,386,74658.904,74658.904,4672.0,11521.279,57.528,23.328,true,0
bus_line_350100010253,bus_route_350100010253,25,437,54446.781,45009.433,2275.0,6421.522,71.224,25.233,true,0
bus_line_350100010254,bus_route_350100010254,30,231,32610.391,32490.879,1726.0,5032.012,67.768,23.245,true,0
bus_line_350100010255,bus_route_350100010255,24,512,81069.755,56793.332,2854.0,8135.328,71.638,25.132,true,0
bus_line_350100010256,bus_route_350100010256,31,149,23689.27,23689.27,1269.0,3835.871,67.204,22.233,true,0
bus_line_350100010258,bus_route_350100010258,18,91,9637.628,9637.628,588.0,1716.706,59.006,20.21,true,0
bus_line_350100010259,bus_route_350100010259,19,114,19444.264,19181.226,961.0,2854.218,71.855,24.193,true,0
bus_line_350100010262,bus_route_350100010262,27,328,35102.724,34061.624,1839.0,5180.702,66.679,23.669,true,0
bus_line_350100010264,bus_route_350100010264,23,338,55587.838,55587.838,2833.0,7965.839,70.638,25.122,true,0
bus_line_350100010265,bus_route_350100010265,27,349,52409.13,52308.548,3257.0,8071.434,57.817,23.331,true,0
bus_line_350100010266,bus_route_350100010266,29,425,63280.594,63280.594,3187.0,9043.532,71.481,25.19,true,0
bus_line_350100010267,bus_route_350100010267,26,414,58428.218,57225.783,2962.0,8222.853,69.552,25.054,true,0
bus_line_350100010270,bus_route_350100010270,28,365,32728.361,32728.361,1842.0,5058.086,63.964,23.294,true,0
bus_line_350100010271,bus_route_350100010271,26,316,34712.272,34712.272,1799.0,5160.887,69.463,24.214,true,0
bus_line_350100010272,bus_route_350100010272,25,186,21215.37,21215.37,1312.0,3613.449,58.213,21.136,true,0
bus_line_350100010273,bus_route_350100010273,25,203,22254.013,21322.114,1329.0,3635.616,57.757,21.113,true,0
bus_line_350100010274,bus_route_350100010274,18,246,32226.367,31717.732,1873.0,4853.991,60.963,23.524,true,0
bus_line_350100010275,bus_route_350100010275,19,253,27694.051,27694.051,1678.0,4348.387,59.415,22.928,true,0
bus_line_350100010278,bus_route_350100010278,33,444,55922.529,55110.944,2832.0,8061.764,70.056,24.61,true,0
bus_line_350100010279,bus_route_350100010279,30,547,60357.358,59833.622,3290.0,8796.801,65.471,24.486,true,0
bus_line_350100010280,bus_route_350100010280,23,281,48272.63,48272.63,2802.0,7259.633,62.021,23.938,true,0
bus_line_350100010286,bus_route_350100010286,25,176,26085.352,26085.352,1409.0,4070.093,66.648,23.073,true,0
bus_line_350100010287,bus_route_350100010287,31,179,26688.418,26476.953,1501.0,4354.421,63.502,21.89,true,0
bus_line_350100010288,bus_route_350100010288,24,253,28824.508,28638.537,1529.0,4383.436,67.429,23.52,true,0
bus_line_350100010289,bus_route_350100010289,26,202,20517.761,20495.121,1160.0,3411.739,63.606,21.626,true,0
bus_line_350100010291,bus_route_350100010291,22,394,43357.802,43357.802,2571.0,6654.306,60.711,23.457,true,0
bus_line_350100010292,bus_route_350100010292,22,420,52125.63,52125.63,2910.0,7596.145,64.485,24.704,true,0
bus_line_350100010293,bus_route_350100010293,13,64,9783.762,9164.036,543.0,1480.432,60.756,22.284,true,0
bus_line_350100010294,bus_route_350100010294,14,70,10503.377,9955.595,520.0,1609.763,68.923,22.264,true,0
bus_line_350100010295,bus_route_350100010295,33,537,79453.073,79453.073,4294.0,11449.911,66.612,24.981,true,0
bus_line_350100010296,bus_route_350100010296,33,761,121306.318,121306.318,5934.0,16586.688,73.593,26.329,true,0
bus_line_350100010297,bus_route_350100010297,11,374,95640.328,58639.185,4704.0,7821.565,44.877,26.99,true,0
bus_line_350100010298,bus_route_350100010298,12,430,82828.589,25973.239,1571.0,3956.909,59.519,23.63,true,0
bus_line_350100010299,bus_route_350100010299,27,372,49560.682,49560.682,2653.0,7213.94,67.252,24.732,true,0
bus_line_350100010302,bus_route_350100010302,29,257,35121.316,35121.316,1816.0,5309.803,69.624,23.812,true,0
bus_line_350100010303,bus_route_350100010303,23,199,27076.186,27076.186,1495.0,4171.952,65.2,23.364,true,0
bus_line_350100010304,bus_route_350100010304,30,467,53407.358,53407.358,2933.0,7866.744,65.553,24.44,true,0
bus_line_350100010305,bus_route_350100010305,30,520,66541.055,63448.524,3597.0,9188.851,63.501,24.858,true,0
bus_line_350100010308,bus_route_350100010308,17,129,12504.151,12483.038,734.0,2123.349,61.225,21.164,true,0
bus_line_350100010309,bus_route_350100010309,16,146,12885.788,12885.788,762.0,2179.068,60.878,21.288,true,0
bus_line_350100010310,bus_route_350100010310,30,495,53428.086,53428.086,2820.0,7786.752,68.206,24.701,true,0
bus_line_350100010311,bus_route_350100010311,39,460,56678.701,56568.305,3094.0,8573.416,65.82,23.753,true,0
bus_line_350100010312,bus_route_350100010312,44,232,29038.805,29038.805,1639.0,4913.841,63.783,21.275,true,0
bus_line_350100010313,bus_route_350100010313,41,204,23789.545,23789.545,1202.0,3990.794,71.25,21.46,true,0
bus_line_350100010314,bus_route_350100010314,23,346,46796.359,46796.359,2507.0,6838.032,67.199,24.637,true,0
bus_line_350100010315,bus_route_350100010315,22,296,38151.096,38036.884,2221.0,5838.606,61.654,23.453,true,0
bus_line_350100010316,bus_route_350100010316,28,266,28739.596,28739.596,1492.0,4437.784,69.345,23.314,true,0
bus_line_350100010317,bus_route_350100010317,30,276,27346.321,27346.321,1467.0,4327.687,67.108,22.748,true,0
bus_line_350100010318,bus_route_350100010318,34,295,43798.293,43687.897,2181.0,6396.498,72.112,24.588,true,0
bus_line_350100010319,bus_route_350100010319,33,243,36468.419,36468.419,1779.0,5384.704,73.798,24.381,true,0
bus_line_350100010320,bus_route_350100010320,28,315,43838.169,43821.731,2386.0,6608.116,66.118,23.873,true,0
bus_line_350100010321,bus_route_350100010321,29,294,37027.955,35986.855,2059.0,5605.204,62.92,23.113,true,0
bus_line_350100010322,bus_route_350100010322,30,507,73528.718,73528.718,3501.0,10200.207,75.608,25.951,true,0
bus_line_350100010323,bus_route_350100010323,33,470,64147.672,64147.672,3223.0,9154.874,71.651,25.225,true,0
bus_line_350100010325,bus_route_350100010325,33,241,29773.682,29692.475,1621.0,4780.289,65.943,22.361,true,0
bus_line_350100010326,bus_route_350100010326,23,463,62838.796,62838.796,3446.0,8957.305,65.647,25.255,true,0
bus_line_350100010327,bus_route_350100010327,25,478,68033.579,67969.496,3644.0,9572.186,67.149,25.563,true,0
bus_line_350100010328,bus_route_350100010328,27,225,30851.839,30851.839,1988.0,5045.187,55.869,22.014,true,0
bus_line_350100010329,bus_route_350100010329,21,214,21306.597,21306.597,1159.0,3331.371,66.181,23.025,true,0
bus_line_350100010330,bus_route_350100010330,23,167,17535.352,17535.352,924.0,2796.053,68.32,22.577,true,0
bus_line_350100010331,bus_route_350100010331,31,633,76894.123,76894.123,4024.0,11028.612,68.792,25.1,true,0
bus_line_350100010332,bus_route_350100010332,32,485,54868.977,54868.977,3264.0,8371.102,60.517,23.596,true,0
bus_line_350100010335,bus_route_350100010335,32,184,23608.172,23488.66,1421.0,4010.24,59.507,21.086,true,0
bus_line_350100010336,bus_route_350100010336,30,140,19222.702,19222.702,1132.0,3353.064,61.132,20.638,true,0
bus_line_350100010337,bus_route_350100010337,36,234,30968.058,30932.883,1661.0,4905.517,67.043,22.701,true,0
bus_line_350100010338,bus_route_350100010338,37,303,46943.797,46943.797,2686.0,7338.163,62.918,23.03,true,0
bus_line_350100010342,bus_route_350100010342,38,299,60376.5,60074.194,4594.0,10137.061,47.076,21.334,true,0
bus_line_350100010345,bus_route_350100010345,25,305,40654.138,40654.138,2166.0,5892.106,67.569,24.839,true,0
bus_line_350100010346,bus_route_350100010346,26,445,56306.575,56120.604,2790.0,7881.679,72.414,25.633,true,0
bus_line_350100010347,bus_route_350100010347,29,318,41084.405,40947.72,2361.0,6281.727,62.436,23.467,true,0
bus_line_350100010348,bus_route_350100010348,32,422,54279.377,54279.377,2886.0,7942.47,67.708,24.603,true,0
bus_line_350100010351,bus_route_350100010351,28,456,73997.467,68060.001,3663.0,9439.865,66.889,25.955,true,0
bus_line_350100010352,bus_route_350100010352,28,414,56283.523,56283.523,2873.0,8111.514,70.526,24.979,true,0
bus_line_350100010353,bus_route_350100010353,27,410,57150.374,56087.567,2778.0,8020.335,72.684,25.175,true,0
bus_line_350100010354,bus_route_350100010354,37,493,61523.303,61523.303,3167.0,8955.103,69.935,24.733,true,0
bus_line_350100010355,bus_route_350100010355,39,558,76532.471,76495.082,3649.0,10819.875,75.468,25.452,true,0
bus_line_350100010356,bus_route_350100010356,37,253,34956.393,34956.393,1788.0,5430.911,70.382,23.172,true,0
bus_line_350100010357,bus_route_350100010357,34,199,36702.017,36702.017,1784.0,5470.338,74.062,24.153,true,0
bus_line_350100010358,bus_route_350100010358,16,107,12175.79,11964.573,607.0,1874.068,70.96,22.983,true,0
bus_line_350100010359,bus_route_350100010359,15,107,15081.834,15081.834,758.0,2277.203,71.629,23.843,true,0
bus_line_350100010362,bus_route_350100010362,34,158,21546.213,21546.213,1177.0,3628.788,65.902,21.375,true,0
bus_line_350100010363,bus_route_350100010363,36,180,23911.553,23911.553,1323.0,4030.201,65.065,21.359,true,0
bus_line_350100010365,bus_route_350100010365,35,399,46790.559,46790.559,2626.0,7143.193,64.145,23.581,true,0
bus_line_350100010366,bus_route_350100010366,45,370,53720.97,53720.97,2908.0,8173.372,66.505,23.662,true,0
bus_line_350100010371,bus_route_350100010371,19,168,17518.425,17518.425,1122.0,2994.717,56.209,21.059,true,0
bus_line_350100010372,bus_route_350100010372,19,117,17380.171,17197.959,897.0,2711.869,69.022,22.83,true,0
bus_line_350100010373,bus_route_350100010373,19,209,22133.911,22003.026,1340.0,3526.197,59.113,22.464,true,0
bus_line_350100010374,bus_route_350100010374,19,117,20634.801,20634.801,1113.0,3241.191,66.743,22.919,true,0
bus_line_350100010376,bus_route_350100010376,30,158,19819.237,19819.237,992.0,3231.028,71.925,22.083,true,0
bus_line_350100010379,bus_route_350100010379,29,183,20394.632,20394.632,1123.0,3373.418,65.379,21.764,true,0
bus_line_350100010380,bus_route_350100010380,33,573,61817.23,61817.23,3300.0,9093.21,67.437,24.473,true,0
bus_line_350100010393,bus_route_350100010393,16,58,8130.738,8130.738,490.0,1486.993,59.736,19.684,true,0
bus_line_350100010394,bus_route_350100010394,15,235,29001.387,29001.387,1713.0,4419.617,60.949,23.623,true,0
bus_line_350100010397,bus_route_350100010397,21,167,29272.066,29272.066,1682.0,4490.505,62.651,23.467,true,0
bus_line_350100010398,bus_route_350100010398,23,178,33229.359,33208.246,1969.0,5172.241,60.716,23.114,true,0
bus_line_350100010399,bus_route_350100010399,13,134,20451.152,20451.152,1098.0,3062.422,67.053,24.041,true,0
bus_line_350100010403,bus_route_350100010403,22,915,159895.495,159875.204,9367.0,23020.502,61.445,25.002,true,0
bus_line_350100010404,bus_route_350100010404,23,903,167993.553,167993.553,9331.0,23404.638,64.814,25.84,true,0
bus_line_350100010405,bus_route_350100010405,34,402,43744.29,43744.29,2451.0,6767.863,64.251,23.269,true,0
bus_line_350100010406,bus_route_350100010406,33,349,46599.287,46599.287,2480.0,6906.289,67.644,24.291,true,0
bus_line_350100010407,bus_route_350100010407,41,298,40296.653,40296.653,2262.0,6461.376,64.133,22.452,true,0
bus_line_350100010408,bus_route_350100010408,38,388,51415.165,51415.165,2808.0,7894.128,65.917,23.447,true,0
bus_line_350100010413,bus_route_350100010413,2,33,4853.8,4853.8,209.0,635.411,83.606,27.5,true,0
bus_line_350100010416,bus_route_350100010416,3,42,5166.606,5068.097,220.0,679.541,82.932,26.849,true,0
bus_line_350100010423,bus_route_350100010423,26,219,25428.188,24880.406,1226.0,3775.037,73.058,23.727,true,0
bus_line_350100010424,bus_route_350100010424,25,157,20370.185,19930.902,1035.0,3117.212,69.325,23.018,true,0
bus_line_350100010427,bus_route_350100010427,21,192,24313.256,24313.256,1383.0,3782.277,63.288,23.142,true,0
bus_line_350100010428,bus_route_350100010428,25,545,67183.793,66987.006,3521.0,9544.449,68.49,25.266,true,0
bus_line_350100010429,bus_route_350100010429,31,203,37606.555,37606.555,2340.0,6137.291,57.856,22.059,true,0
bus_line_350100010430,bus_route_350100010430,29,319,44529.345,44529.345,2794.0,7206.897,57.375,22.243,true,0
bus_line_350100010433,bus_route_350100010433,21,142,16211.378,15600.962,964.0,2657.794,58.261,21.132,true,0
bus_line_350100010434,bus_route_350100010434,20,160,17572.766,17024.984,934.0,2755.867,65.621,22.24,true,0
bus_line_350100010435,bus_route_350100010435,9,98,11642.637,11642.637,633.0,1735.799,66.214,24.147,true,0
bus_line_350100010436,bus_route_350100010436,9,77,9324.182,9324.182,470.0,1399.639,71.419,23.983,true,0
bus_line_350100010437,bus_route_350100010437,14,399,81899.306,81899.306,4100.0,10839.126,71.912,27.201,true,0
bus_line_350100010438,bus_route_350100010438,13,370,69624.559,38354.563,1854.0,5213.933,74.475,26.482,true,0
bus_line_350100010439,bus_route_350100010439,32,423,52381.67,52381.67,2965.0,7859.28,63.6,23.994,true,0
bus_line_350100010440,bus_route_350100010440,36,369,44532.964,44279.17,2461.0,6826.637,64.772,23.35,true,0
bus_line_350100010489,bus_route_350100010489,33,582,90379.408,90379.408,5314.0,13488.497,61.228,24.122,true,0
bus_line_350100010490,bus_route_350100010490,33,679,106557.755,106167.071,5929.0,15544.758,64.463,24.587,true,0
bus_line_350100010491,bus_route_350100010491,15,77,11343.647,10727.372,588.0,1696.576,65.678,22.763,true,0
bus_line_350100010492,bus_route_350100010492,33,338,49307.759,48917.075,2637.0,7355.078,66.781,23.943,true,0
bus_line_350100010493,bus_route_350100010493,15,90,12899.669,12351.887,626.0,1924.492,71.033,23.106,true,0
bus_line_350100010494,bus_route_350100010494,33,521,68731.889,68731.889,3698.0,10045.856,66.91,24.631,true,0
bus_line_350100010495,bus_route_350100010495,34,290,38174.896,38154.605,2069.0,5898.71,66.388,23.286,true,0
bus_line_350100010496,bus_route_350100010496,29,258,32151.809,31855.564,1817.0,5091.266,63.115,22.525,true,0
bus_line_350100010501,bus_route_350100010501,25,172,21102.687,21102.687,1091.0,3294.746,69.633,23.058,true,0
bus_line_350100010502,bus_route_350100010502,30,181,24150.104,24150.104,1340.0,3906.495,64.881,22.255,true,0
bus_line_350100010503,bus_route_350100010503,32,848,131972.902,131972.902,6816.0,18169.108,69.704,26.149,true,0
bus_line_350100010504,bus_route_350100010504,35,574,85055.925,85016.376,5277.0,12929.046,57.999,23.672,true,0
bus_line_350100010505,bus_route_350100010505,31,571,88130.049,88130.049,5149.0,13155.901,61.617,24.116,true,0
bus_line_350100010506,bus_route_350100010506,4,225,52535.034,52535.034,2674.0,6877.105,70.728,27.501,true,0
bus_line_350100010507,bus_route_350100010507,4,220,42667.891,11397.895,585.0,1565.847,70.141,26.205,true,0
bus_line_350100010508,bus_route_350100010508,39,358,47694.189,47694.189,2611.0,7263.542,65.76,23.638,true,0
bus_line_350100010509,bus_route_350100010509,28,463,64333.039,64142.727,3579.0,9301.711,64.519,24.825,true,0
bus_line_350100010510,bus_route_350100010510,39,207,28649.076,28560.001,1495.0,4641.672,68.773,22.151,true,0
bus_line_350100010511,bus_route_350100010511,35,231,42147.898,42147.898,2322.0,6582.009,65.346,23.053,true,0
bus_line_350100010512,bus_route_350100010512,33,578,95870.926,95870.926,5498.0,14093.842,62.775,24.488,true,0
bus_line_350100010513,bus_route_350100010513,38,557,92669.132,92457.667,5690.0,14331.98,58.497,23.224,true,0
bus_line_350100010514,bus_route_350100010514,36,580,95247.665,95247.665,5589.0,14267.402,61.351,24.033,true,0
bus_line_350100010516,bus_route_350100010516,24,285,36808.603,36708.021,2131.0,5591.967,62.013,23.632,true,0
bus_line_350100010517,bus_route_350100010517,26,348,46510.761,46510.761,2607.0,6929.302,64.227,24.164,true,0
bus_line_350100010518,bus_route_350100010518,23,279,36174.354,36174.354,2200.0,5624.906,59.194,23.152,true,0
bus_line_350100010519,bus_route_350100010519,22,254,35495.618,29975.46,1660.0,4612.438,65.007,23.396,true,0
bus_line_350100010523,bus_route_350100010523,33,219,24248.383,24248.383,1269.0,3928.91,68.79,22.218,true,0
bus_line_350100010586,bus_route_350100010586,12,45,7069.611,7069.611,357.0,1169.834,71.29,21.756,true,0
bus_line_350100010587,bus_route_350100010587,11,128,21679.222,21679.222,1155.0,3176.736,67.572,24.568,true,0
bus_line_350100010598,bus_route_350100010598,14,115,16097.215,16097.215,839.0,2443.926,69.07,23.712,true,0
bus_line_350100010599,bus_route_350100010599,17,142,19582.498,19582.498,965.0,2904.799,73.054,24.269,true,0
bus_line_350100010617,bus_route_350100010617,22,191,26238.488,25690.706,1293.0,3824.213,71.529,24.184,true,0
bus_line_350100010618,bus_route_350100010618,23,189,25083.047,24643.764,1444.0,3942.788,61.439,22.501,true,0
bus_line_350100010619,bus_route_350100010619,19,196,25849.224,23627.444,1605.0,4049.967,52.996,21.002,true,0
bus_line_350100010620,bus_route_350100010620,20,166,21814.107,21750.024,1408.0,3664.972,55.611,21.364,true,0
bus_line_350100010622,bus_route_350100010622,23,286,67152.289,61596.11,3183.0,8616.39,69.666,25.735,true,0
bus_line_350100010623,bus_route_350100010623,24,681,136418.605,131079.859,7627.0,18316.852,61.871,25.762,true,0
bus_line_350100010624,bus_route_350100010624,35,365,71100.21,71100.21,4374.0,11125.68,58.519,23.006,true,0
bus_line_350100010625,bus_route_350100010625,35,375,72404.685,72340.602,4526.0,11373.349,57.54,22.898,true,0
bus_line_350100010628,bus_route_350100010628,12,128,30426.802,30426.802,1384.0,4131.107,79.145,26.515,true,0
bus_line_350100010629,bus_route_350100010629,14,155,33985.532,33985.532,1589.0,4691.333,76.997,26.08,true,0
bus_line_350100010688,bus_route_350100010688,17,134,12679.811,12679.811,750.0,2164.652,60.863,21.088,true,0
bus_line_350100010689,bus_route_350100010689,16,148,12905.596,12905.596,763.0,2182.31,60.891,21.289,true,0
bus_line_350100010690,bus_route_350100010690,23,193,34880.517,34880.517,1998.0,5307.273,62.848,23.66,true,0
bus_line_350100010691,bus_route_350100010691,22,113,22819.418,22819.418,1308.0,3677.119,62.806,22.341,true,0
bus_line_350100010692,bus_route_350100010692,8,65,10391.876,10391.876,542.0,1524.53,69.024,24.539,true,0
bus_line_350100010693,bus_route_350100010693,9,98,15090.788,15090.788,803.0,2214.638,67.655,24.531,true,0
bus_line_350100010728,bus_route_350100010728,3,95,19685.103,19522.689,1064.0,2641.537,66.054,26.606,true,0
bus_line_350100010729,bus_route_350100010729,2,89,16350.755,16350.755,815.0,2173.921,72.224,27.077,true,0
bus_line_350100010731,bus_route_350100010731,23,164,23067.288,23067.288,1697.0,4016.552,48.935,20.675,true,0
bus_line_350100010732,bus_route_350100010732,28,103,18190.499,18190.499,1324.0,3362.693,49.461,19.474,true,0
bus_line_350100010734,bus_route_350100010734,32,164,18611.547,18611.547,1140.0,3354.543,58.773,19.973,true,0
bus_line_350100010737,bus_route_350100010737,20,111,13930.779,13930.779,791.0,2354.268,63.402,21.302,true,0
bus_line_350100010738,bus_route_350100010738,36,610,80051.375,80051.375,4525.0,11976.081,63.687,24.063,true,0
bus_line_350100010739,bus_route_350100010739,34,726,89161.7,89161.7,4936.0,13006.08,65.029,24.679,true,0
bus_line_350100010742,bus_route_350100010742,32,180,23994.44,23446.658,1157.0,3727.461,72.954,22.645,true,0
bus_line_350100010743,bus_route_350100010743,30,194,24848.935,24409.652,1294.0,3859.577,67.909,22.768,true,0
bus_line_350100010761,bus_route_350100010761,3,93,21541.378,1137.991,70.0,197.06,58.525,20.789,true,0
bus_line_350100010762,bus_route_350100010762,4,149,29428.393,6334.826,1445.0,923.04,15.782,24.707,true,0
bus_line_350100010767,bus_route_350100010767,19,130,17164.682,17164.682,992.0,2751.45,62.291,22.458,true,0
bus_line_350100010779,bus_route_350100010779,29,329,44373.051,44373.051,2716.0,7033.399,58.816,22.712,true,0
bus_line_350100010780,bus_route_350100010780,29,283,31381.022,31149.245,1893.0,5139.15,59.238,21.82,true,0
bus_line_900000000888,bus_route_900000000888,21,139,17949.171,17949.171,900.0,2783.979,71.797,23.21,true,0
bus_line_900000000889,bus_route_900000000889,21,135,16757.862,16621.177,949.0,2711.23,63.052,22.07,true,0
bus_line_900000025642,bus_route_900000025642,35,248,29061.23,28997.147,1661.0,4755.24,62.848,21.953,true,0
bus_line_900000028084,bus_route_900000028084,13,74,13396.59,13396.59,1023.0,2346.263,47.143,20.555,true,0
bus_line_900000028085,bus_route_900000028085,23,136,19826.852,19826.852,838.0,2933.969,85.175,24.328,true,0
bus_line_900000028087,bus_route_900000028087,20,193,25538.934,25538.934,1191.0,3736.129,77.196,24.608,true,0
bus_line_900000028092,bus_route_900000028092,12,58,10710.905,10710.905,873.0,1957.209,44.169,19.701,true,0
bus_line_900000029831,bus_route_900000029831,23,129,19569.868,19569.868,922.0,2988.086,76.412,23.577,true,0
bus_line_900000029832,bus_route_900000029832,23,131,16521.404,16521.404,789.0,2594.27,75.383,22.926,true,0
bus_line_900000030076,bus_route_900000030076,18,145,17470.043,17470.043,884.0,2695.389,71.145,23.333,true,0
bus_line_900000030077,bus_route_900000030077,18,164,21835.176,21835.176,1110.0,3272.449,70.817,24.021,true,0
bus_line_900000030782,bus_route_900000030782,16,125,16413.482,16312.9,840.0,2508.491,69.912,23.411,true,0
bus_line_900000030783,bus_route_900000030783,15,180,24742.847,24742.847,1321.0,3674.24,67.429,24.243,true,0
bus_line_900000034476,bus_route_900000034476,8,45,6349.4,5801.618,269.0,894.307,77.642,23.354,true,0
bus_line_900000035847,bus_route_900000035847,7,35,5053.925,4614.642,264.0,716.248,62.927,23.194,true,0
bus_line_900000037276,bus_route_900000037276,20,126,13720.426,13720.426,845.0,2393.186,58.454,20.639,true,0
bus_line_900000037277,bus_route_900000037277,22,210,21104.708,21104.708,1298.0,3517.504,58.534,21.6,true,0
bus_line_900000042667,bus_route_900000042667,22,228,28959.54,28959.54,1347.0,4168.799,77.397,25.008,true,0
bus_line_900000042668,bus_route_900000042668,19,201,28108.453,28108.453,1338.0,4069.525,75.628,24.865,true,0
bus_line_900000042908,bus_route_900000042908,13,233,33244.693,33218.256,1938.0,4996.679,61.706,23.933,true,0
bus_line_900000042976,bus_route_900000042976,33,324,62716.799,62716.799,3295.0,9191.563,68.522,24.564,true,0
bus_line_900000043495,bus_route_900000043495,35,809,161113.532,161113.532,8835.0,22871.938,65.649,25.359,true,0
bus_line_900000045849,bus_route_900000045849,8,43,7466.773,7027.49,424.0,1090.738,59.667,23.194,true,0
bus_line_900000045850,bus_route_900000045850,9,53,8908.576,8360.794,431.0,1282.224,69.835,23.474,true,0
bus_line_900000046046,bus_route_900000046046,35,764,104965.785,104965.785,5032.0,14425.814,75.095,26.194,true,0
bus_line_900000046047,bus_route_900000046047,30,531,80372.64,80372.64,3896.0,11190.614,74.266,25.856,true,0
bus_line_900000046206,bus_route_900000046206,13,60,8356.64,8356.64,513.0,1475.015,58.643,20.396,true,0
bus_line_900000048928,bus_route_900000048928,20,210,43136.348,43136.348,2653.0,6583.927,58.534,23.586,true,0
bus_line_900000048929,bus_route_900000048929,19,228,50345.168,50345.168,3024.0,7549.213,59.935,24.008,true,0
bus_line_900000049348,bus_route_900000049348,7,61,9807.469,9807.469,460.0,1402.321,76.754,25.177,true,0
bus_line_900000049349,bus_route_900000049349,7,70,7017.42,7017.42,361.0,1073.713,69.98,23.528,true,0
bus_line_900000049875,bus_route_900000049875,30,412,51878.104,51878.104,2928.0,7749.145,63.785,24.101,true,0
bus_line_900000049876,bus_route_900000049876,34,276,32390.58,32390.58,1907.0,5343.167,61.146,21.823,true,0
bus_line_900000055195,bus_route_900000055195,9,48,5777.73,5777.73,324.0,975.484,64.197,21.323,true,0
bus_line_900000055347,bus_route_900000055347,34,452,58171.068,58171.068,3192.0,8652.164,65.606,24.204,true,0
bus_line_900000055360,bus_route_900000055360,35,497,63690.923,63690.923,3733.0,9781.127,61.422,23.442,true,0
bus_line_900000061052,bus_route_900000061052,9,25,4933.982,4933.982,278.0,858.581,63.893,20.688,true,0
bus_line_900000061053,bus_route_900000061053,11,41,6625.501,6625.501,338.0,1096.878,70.567,21.745,true,0
bus_line_900000062588,bus_route_900000062588,33,332,44721.352,44721.352,2460.0,6829.194,65.446,23.575,true,0
bus_line_900000062593,bus_route_900000062593,35,545,83766.609,83766.609,4551.0,12098.076,66.262,24.926,true,0
bus_line_900000071085,bus_route_900000071085,3,24,2082.6,1666.862,128.0,294.293,46.88,20.39,true,0
bus_line_900000071088,bus_route_900000071088,2,18,2923.32,2923.32,172.0,437.242,61.186,24.069,true,0
bus_line_900000071089,bus_route_900000071089,2,30,4795.136,4795.136,228.0,652.014,75.713,26.476,true,0
bus_line_900000071234,bus_route_900000071234,17,103,12331.357,12331.357,766.0,2068.101,57.954,21.466,true,0
bus_line_900000071235,bus_route_900000071235,15,132,16943.151,16943.151,921.0,2615.016,66.227,23.325,true,0
bus_line_900000074912,bus_route_900000074912,3,103,19858.614,19653.717,864.0,2516.343,81.89,28.118,true,0
bus_line_900000074913,bus_route_900000074913,3,110,20406.214,20382.13,900.0,2609.217,81.529,28.122,true,0
bus_line_900000076998,bus_route_900000076998,17,185,25789.879,25789.879,1515.0,4044.578,61.283,22.955,true,0
bus_line_900000076999,bus_route_900000076999,16,192,26335.59,26335.59,1558.0,4106.52,60.852,23.087,true,0
bus_line_900000077426,bus_route_900000077426,23,109,12356.348,12356.348,601.0,2050.987,74.015,21.689,true,0
bus_line_900000077427,bus_route_900000077427,21,85,10715.281,10715.281,500.0,1787.459,77.15,21.581,true,0
bus_line_900000077842,bus_route_900000077842,28,337,41179.369,41179.369,2053.0,5957.22,72.209,24.885,true,0
bus_line_900000077843,bus_route_900000077843,28,381,45850.558,45850.558,2348.0,6653.335,70.299,24.809,true,0
bus_line_900000079599,bus_route_900000079599,36,288,39170.116,39170.116,2183.0,6194.801,64.596,22.763,true,0
bus_line_900000079724,bus_route_900000079724,26,256,38057.099,38057.099,2697.0,6523.226,50.799,21.003,true,0
bus_line_900000079725,bus_route_900000079725,26,313,55498.528,55188.288,3656.0,8882.538,54.343,22.367,true,0
bus_line_900000079728,bus_route_900000079728,26,283,38306.64,38285.527,2578.0,6415.593,53.463,21.483,true,0
bus_line_900000079729,bus_route_900000079729,26,263,45488.745,45178.505,2957.0,7329.881,55.003,22.189,true,0
bus_line_900000080066,bus_route_900000080066,19,123,22036.067,22036.067,1490.0,3752.577,53.242,21.14,true,0
bus_line_900000080067,bus_route_900000080067,20,207,32217.936,32217.936,1990.0,5037.456,58.284,23.024,true,0
bus_line_900000080691,bus_route_900000080691,8,1479,304066.494,304066.494,14022.0,39262.86,78.066,27.88,true,0
bus_line_900000080692,bus_route_900000080692,5,1177,213500.824,213500.824,10124.0,27571.82,75.919,27.876,true,0
bus_line_900000080693,bus_route_900000080693,5,1056,193999.954,193999.954,9221.0,25066.408,75.74,27.862,true,0
bus_line_900000080723,bus_route_900000080723,6,1463,288831.014,288831.014,13508.0,37372.575,76.976,27.822,true,0
bus_line_900000081248,bus_route_900000081248,25,491,71891.48,71891.48,3681.0,10018.813,70.31,25.832,true,0
bus_line_900000081249,bus_route_900000081249,27,425,64804.112,64783.821,3449.0,9189.677,67.62,25.379,true,0
bus_line_900000081546,bus_route_900000081546,2,156,25800.441,25800.441,1428.0,3522.7,65.043,26.367,true,0
bus_line_900000081547,bus_route_900000081547,2,78,9909.308,9909.308,553.0,1374.686,64.509,25.95,true,0
bus_line_900000082325,bus_route_900000082325,11,129,18654.565,18644.491,1079.0,2863.454,62.206,23.44,true,0
bus_line_900000082326,bus_route_900000082326,11,125,19835.988,19725.592,1104.0,2983.239,64.323,23.804,true,0
bus_line_900000082435,bus_route_900000082435,17,104,11011.132,11011.132,598.0,1823.377,66.288,21.74,true,0
bus_line_900000082436,bus_route_900000082436,14,58,7750.001,7750.001,410.0,1319.897,68.049,21.138,true,0
bus_line_900000083059,bus_route_900000083059,24,255,27920.586,27920.586,1468.0,4214.542,68.47,23.849,true,0
bus_line_900000083060,bus_route_900000083060,26,229,31909.343,31909.343,1638.0,4807.298,70.13,23.896,true,0
bus_line_900000088182,bus_route_900000088182,14,114,16719.296,16719.296,679.0,2322.901,88.644,25.911,true,0
bus_line_900000088183,bus_route_900000088183,15,114,17096.866,17096.866,700.0,2415.941,87.927,25.476,true,0
bus_line_900000088960,bus_route_900000088960,12,35,5367.716,5367.716,284.0,954.684,68.041,20.241,true,0
bus_line_900000088961,bus_route_900000088961,12,120,18407.824,18407.824,989.0,2757.849,67.005,24.029,true,0
bus_line_900000094001,bus_route_900000094001,21,111,17721.553,17282.27,924.0,2711.705,67.334,22.944,true,0
bus_line_900000094002,bus_route_900000094002,19,117,19066.448,18518.666,952.0,2864.206,70.029,23.276,true,0
bus_line_900000094157,bus_route_900000094157,24,379,44411.306,44411.306,2438.0,6557.374,65.579,24.382,true,0
bus_line_900000094158,bus_route_900000094158,20,367,42845.691,42845.691,2334.0,6247.074,66.086,24.691,true,0
bus_line_900000096029,bus_route_900000096029,32,265,37811.692,37684.247,1866.0,5633.345,72.703,24.082,true,0
bus_line_900000096030,bus_route_900000096030,33,295,34171.326,34171.326,1832.0,5291.113,67.149,23.25,true,0
bus_line_900000097079,bus_route_900000097079,10,103,12845.982,12845.982,628.0,1879.614,73.639,24.604,true,0
bus_line_900000097080,bus_route_900000097080,9,85,12055.927,12055.927,622.0,1728.034,69.777,25.116,true,0
bus_line_900000097471,bus_route_900000097471,4,55,10251.574,10251.574,532.0,1414.35,69.372,26.094,true,0
bus_line_900000097472,bus_route_900000097472,4,60,10260.333,10260.333,542.0,1414.503,68.15,26.113,true,0
bus_line_900000097540,bus_route_900000097540,18,195,22785.916,22785.916,1241.0,3532.541,66.099,23.221,true,0
bus_line_900000097541,bus_route_900000097541,17,241,27889.168,27889.168,1498.0,4209.076,67.023,23.853,true,0
bus_line_900000098953,bus_route_900000098953,5,98,15008.946,15008.946,642.0,1975.504,84.162,27.351,true,0
bus_line_900000098954,bus_route_900000098954,5,1409,293026.903,293026.903,13444.0,37782.355,78.466,27.92,true,0
bus_line_900000099354,bus_route_900000099354,30,227,35373.052,35119.258,1955.0,5478.911,64.67,23.076,true,0
bus_line_900000099355,bus_route_900000099355,30,225,34856.261,34856.261,1809.0,5334.901,69.366,23.521,true,0
bus_line_900000100320,bus_route_900000100320,3,48,11152.593,11152.593,537.0,1478.812,74.766,27.15,true,0
bus_line_900000100321,bus_route_900000100321,3,51,10362.507,10362.507,473.0,1346.191,78.869,27.712,true,0
bus_line_900000103910,bus_route_900000103910,14,84,11584.911,11584.911,717.0,1965.231,58.167,21.222,true,0
bus_line_900000103911,bus_route_900000103911,17,159,19264.845,19150.633,1173.0,3172.66,58.774,21.73,true,0
bus_line_900000104187,bus_route_900000104187,5,82,11548.17,11548.17,589.0,1624.583,70.583,25.59,true,0
bus_line_900000104375,bus_route_900000104375,10,144,20956.724,20956.724,1060.0,2985.178,71.174,25.273,true,0
bus_line_900000106362,bus_route_900000106362,18,104,18024.31,17813.462,1179.0,3004.168,54.392,21.346,true,0
bus_line_900000106363,bus_route_900000106363,16,159,22294.016,20072.236,1136.0,3157.943,63.609,22.882,true,0
bus_line_900000107418,bus_route_900000107418,20,310,40843.393,40843.393,2318.0,6085.692,63.432,24.161,true,0
bus_line_900000107419,bus_route_900000107419,19,182,21263.521,20956.366,1314.0,3425.661,57.415,22.023,true,0
bus_line_900000112774,bus_route_900000112774,2,210,10754.265,10754.265,647.0,1611.914,59.838,24.018,true,0
bus_line_900000112868,bus_route_900000112868,15,262,33573.567,33573.567,1906.0,4998.629,63.413,24.18,true,0
bus_line_900000114300,bus_route_900000114300,16,133,18397.182,18397.182,859.0,2677.329,77.101,24.737,true,0
bus_line_900000114301,bus_route_900000114301,16,201,25659.486,25659.486,1190.0,3651.464,77.625,25.298,true,0
bus_line_900000118761,bus_route_900000118761,16,98,8280.538,8185.687,513.0,1503.728,57.443,19.597,true,0
bus_line_900000118762,bus_route_900000118762,15,268,30816.336,29036.934,1801.0,4584.415,58.042,22.802,true,0
bus_line_900000118768,bus_route_900000118768,14,87,8427.05,8427.05,543.0,1520.192,55.87,19.956,true,0
bus_line_900000118769,bus_route_900000118769,15,246,27334.4,27080.606,1775.0,4398.119,54.924,22.166,true,0
bus_line_900000121692,bus_route_900000121692,11,109,11285.985,11285.985,599.0,1738.339,67.829,23.373,true,0
bus_line_900000122166,bus_route_900000122166,11,66,8699.416,8699.416,469.0,1395.397,66.776,22.444,true,0
bus_line_900000122233,bus_route_900000122233,16,116,18585.706,18585.706,1236.0,3008.389,54.133,22.241,true,0
bus_line_900000122234,bus_route_900000122234,15,123,19043.999,18962.792,1070.0,2893.761,63.8,23.591,true,0
bus_line_900000125029,bus_route_900000125029,31,503,73131.783,73131.783,4415.0,11164.162,59.632,23.582,true,0
bus_line_900000125030,bus_route_900000125030,28,316,50718.611,50718.611,3072.0,7972.584,59.436,22.902,true,0
bus_line_900000125548,bus_route_900000125548,9,263,48803.724,48803.724,2866.0,6968.974,61.303,25.211,true,0
bus_line_900000125708,bus_route_900000125708,26,139,20237.284,20237.284,1055.0,3206.285,69.056,22.722,true,0
bus_line_900000125709,bus_route_900000125709,27,148,22376.544,22239.859,1161.0,3506.136,68.961,22.835,true,0
bus_line_900000126889,bus_route_900000126889,7,820,133050.333,133050.333,6519.0,17410.18,73.475,27.512,true,0
bus_line_900000127824,bus_route_900000127824,8,33,6417.549,6417.549,361.0,1055.334,63.998,21.892,true,0
bus_line_900000128846,bus_route_900000128846,18,93,11378.119,11378.119,706.0,2035.707,58.019,20.121,true,0
bus_line_900000128847,bus_route_900000128847,13,142,16226.999,16226.999,931.0,2525.075,62.747,23.135,true,0
bus_line_900000133373,bus_route_900000133373,35,236,31004.161,31004.161,1767.0,5044.21,63.166,22.127,true,0
bus_line_900000139138,bus_route_900000139138,7,223,36776.398,36776.398,1810.0,4848.933,73.146,27.304,true,0
bus_line_900000139139,bus_route_900000139139,7,473,76165.714,75979.743,3862.0,10059.236,70.825,27.192,true,0
bus_line_900000139514,bus_route_900000139514,10,90,19433.784,18622.199,1280.0,3125.449,52.375,21.45,true,0
bus_line_900000139515,bus_route_900000139515,11,145,29323.735,22466.97,1926.0,3710.268,41.994,21.799,true,0
bus_line_900000139516,bus_route_900000139516,12,80,8939.472,8939.472,632.0,1643.901,50.921,19.577,true,0
bus_line_900000139517,bus_route_900000139517,10,83,8916.79,8916.79,624.0,1584.989,51.443,20.253,true,0
bus_line_900000140680,bus_route_900000140680,23,427,56902.528,56902.528,2980.0,8062.711,68.741,25.407,true,0
bus_line_900000140681,bus_route_900000140681,28,758,117307.002,99354.543,4903.0,13613.089,72.951,26.274,true,0
bus_line_900000140953,bus_route_900000140953,12,203,27344.878,27344.878,1534.0,4045.729,64.173,24.332,true,0
bus_line_900000140954,bus_route_900000140954,11,168,26571.444,26571.444,1570.0,3992.678,60.928,23.958,true,0
bus_line_900000140959,bus_route_900000140959,14,56,9268.326,9268.326,596.0,1663.08,55.983,20.063,true,0
bus_line_900000140960,bus_route_900000140960,12,69,9180.217,8914.006,545.0,1535.333,58.882,20.901,true,0
bus_line_900000144206,bus_route_900000144206,10,500,97084.816,97084.816,6009.0,14296.547,58.164,24.447,true,0
bus_line_900000144207,bus_route_900000144207,10,429,78447.575,78447.575,5169.0,12070.018,54.636,23.398,true,0
bus_line_900000144208,bus_route_900000144208,5,118,13771.908,13771.908,650.0,1886.166,76.275,26.286,true,0
bus_line_900000144209,bus_route_900000144209,5,81,10760.972,10760.972,468.0,1446.714,82.777,26.778,true,0
bus_line_900000144210,bus_route_900000144210,16,200,42384.594,42384.594,2485.0,6347.709,61.402,24.038,true,0
bus_line_900000144827,bus_route_900000144827,8,82,9142.521,9142.521,683.0,1557.242,48.189,21.135,true,0
bus_line_900000144828,bus_route_900000144828,9,194,18361.819,18355.975,1781.0,3350.952,37.104,19.72,true,0
bus_line_900000145013,bus_route_900000145013,6,147,19893.48,19829.397,1134.0,2912.347,62.95,24.511,true,0
bus_line_900000145293,bus_route_900000145293,21,165,16431.927,16431.927,1103.0,2911.192,53.631,20.32,true,0
bus_line_900000145294,bus_route_900000145294,21,134,15523.493,15077.422,920.0,2624.158,58.999,20.684,true,0
bus_line_900000146201,bus_route_900000146201,9,458,73260.661,73260.661,4156.0,10370.442,63.46,25.432,true,0
bus_line_900000146207,bus_route_900000146207,9,827,142095.13,142095.13,7063.0,18680.74,72.426,27.383,true,0
bus_line_900000146209,bus_route_900000146209,6,2003,436648.088,436648.088,20888.0,56791.624,75.255,27.679,true,0
bus_line_900000146212,bus_route_900000146212,9,392,59733.103,59733.103,3280.0,8467.456,65.561,25.396,true,0
bus_line_900000146272,bus_route_900000146272,8,1206,229273.282,229273.282,10776.0,29660.563,76.595,27.828,true,0
bus_line_900000146903,bus_route_900000146903,15,225,29622.42,29622.42,1763.0,4446.678,60.488,23.982,true,0
bus_line_900000146904,bus_route_900000146904,17,185,20970.376,20970.376,1129.0,3147.001,66.867,23.989,true,0
bus_line_900000146905,bus_route_900000146905,17,148,26815.021,26815.021,1719.0,4285.298,56.157,22.527,true,0
bus_line_900000146906,bus_route_900000146906,16,100,19391.611,19391.611,1240.0,3198.786,56.298,21.824,true,0
bus_line_900000146909,bus_route_900000146909,10,541,90607.36,90607.36,5098.0,12699.654,63.983,25.685,true,0
bus_line_900000146910,bus_route_900000146910,10,702,152059.405,152059.405,8216.0,20602.183,66.628,26.571,true,0
bus_line_900000146927,bus_route_900000146927,11,512,70096.658,69919.666,4038.0,10022.679,62.336,25.114,true,0
bus_line_900000146928,bus_route_900000146928,12,579,85620.086,85435.081,4722.0,12030.498,65.135,25.566,true,0
bus_line_900000148759,bus_route_900000148759,4,35,4143.292,4143.292,212.0,600.394,70.358,24.843,true,0
bus_line_900000148762,bus_route_900000148762,4,32,2929.624,2929.624,176.0,474.544,59.924,22.225,true,0
bus_line_900000148866,bus_route_900000148866,4,22,2939.558,2939.558,170.0,482.918,62.249,21.913,true,0
bus_line_900000148867,bus_route_900000148867,4,724,206855.738,206855.738,9677.0,26547.932,76.954,28.05,true,0
bus_line_900000149278,bus_route_900000149278,7,842,132823.994,130261.708,6597.0,17219.628,71.084,27.233,true,0
bus_line_900000149468,bus_route_900000149468,7,1505,306087.734,306087.734,14048.0,39415.765,78.439,27.956,true,0
bus_line_900000149554,bus_route_900000149554,5,153,32716.458,26840.875,1279.0,3627.558,75.549,26.637,true,0
bus_line_900000149864,bus_route_900000149864,9,368,50169.442,47607.156,2648.0,6847.877,64.723,25.028,true,0
bus_line_900000152292,bus_route_900000152292,35,233,52747.228,52747.228,3920.0,8954.368,48.441,21.206,true,0
bus_line_900000153779,bus_route_900000153779,13,549,96925.742,63742.25,3244.0,8662.362,70.737,26.491,true,0
bus_line_900000153780,bus_route_900000153780,13,467,79163.586,79018.056,4246.0,10937.128,66.996,26.009,true,0
bus_line_900000157129,bus_route_900000157129,20,196,27165.083,27165.083,1678.0,4401.715,58.28,22.217,true,0
bus_line_900000157130,bus_route_900000157130,22,226,33216.572,33216.572,2513.0,5682.793,47.584,21.042,true,0
bus_line_900000157702,bus_route_900000157702,10,96,8382.239,8382.239,567.0,1491.825,53.221,20.228,true,0
bus_line_900000157703,bus_route_900000157703,9,89,7893.416,7893.416,547.0,1416.282,51.949,20.064,true,0
bus_line_900000160846,bus_route_900000160846,10,27,5373.86,5373.86,303.0,934.171,63.848,20.709,true,0
bus_line_900000160847,bus_route_900000160847,9,31,5357.768,5357.768,306.0,915.346,63.033,21.072,true,0
bus_line_900000161215,bus_route_900000161215,7,193,24273.238,23719.796,1333.0,3439.227,64.059,24.829,true,0
bus_line_900000161216,bus_route_900000161216,7,233,37516.81,37452.727,2084.0,5321.139,64.698,25.339,true,0
bus_line_900000161271,bus_route_900000161271,11,660,131983.812,131983.812,7166.0,17881.074,66.305,26.572,true,0
bus_line_900000161600,bus_route_900000161600,11,594,133297.346,133297.346,6858.0,17708.187,69.972,27.099,true,0
bus_line_900000161666,bus_route_900000161666,23,232,50086.053,50086.053,3126.0,7907.549,57.681,22.802,true,0
bus_line_900000161667,bus_route_900000161667,23,221,51867.993,51365.219,3149.0,8022.887,58.722,23.048,true,0
bus_line_900000161723,bus_route_900000161723,16,146,12885.915,12885.915,762.0,2179.089,60.878,21.288,true,0
bus_line_900000161724,bus_route_900000161724,16,121,10323.739,10323.739,665.0,1830.494,55.888,20.304,true,0
bus_line_900000166343,bus_route_900000166343,24,490,92112.596,91930.692,5589.0,13199.729,59.215,25.073,true,0
bus_line_900000166344,bus_route_900000166344,19,233,43984.885,43893.933,2694.0,6630.048,58.656,23.834,true,0
bus_line_900000166891,bus_route_900000166891,6,230,41219.789,15615.089,824.0,2188.835,68.221,25.682,true,0
bus_line_900000166892,bus_route_900000166892,6,248,57383.017,57383.017,2967.0,7583.793,69.626,27.24,true,0
bus_line_900000166947,bus_route_900000166947,21,163,23364.64,23211.782,1201.0,3556.361,69.577,23.497,true,0
bus_line_900000166948,bus_route_900000166948,22,113,21515.849,21515.849,1064.0,3286.231,72.798,23.57,true,0
bus_line_900000167351,bus_route_900000167351,13,587,114440.367,114440.367,6721.0,16614.253,61.298,24.797,true,0
bus_line_900000167352,bus_route_900000167352,13,522,95162.08,95162.08,5900.0,14326.014,58.065,23.913,true,0
bus_line_900000169184,bus_route_900000169184,12,166,19804.661,19804.661,1081.0,2952.171,65.954,24.151,true,0
bus_line_900000169185,bus_route_900000169185,12,175,25478.913,25478.913,1271.0,3646.501,72.167,25.154,true,0
bus_line_900000169358,bus_route_900000169358,23,753,155417.941,124147.945,6988.0,17615.542,63.957,25.371,true,0
bus_line_900000169359,bus_route_900000169359,22,1004,189432.505,189432.505,10375.0,26255.737,65.731,25.974,true,0
bus_line_900000169563,bus_route_900000169563,5,40,5207.728,5207.728,310.0,805.907,60.477,23.263,true,0
bus_line_900000169564,bus_route_900000169564,5,46,5335.7,5335.7,292.0,814.699,65.783,23.577,true,0
bus_line_900000170681,bus_route_900000170681,6,73,7625.966,7625.966,484.0,1213.578,56.722,22.622,true,0
bus_line_900000170682,bus_route_900000170682,5,51,6050.575,6050.575,361.0,943.947,60.338,23.076,true,0
bus_line_900000172638,bus_route_900000172638,8,139,16463.955,16463.955,942.0,2481.117,62.92,23.889,true,0
bus_line_900000172639,bus_route_900000172639,8,146,19581.468,19581.468,1091.0,2882.271,64.613,24.458,true,0
bus_line_900000173281,bus_route_900000173281,5,171,46977.917,7988.184,392.0,1140.52,73.361,25.214,true,0
bus_line_900000173282,bus_route_900000173282,4,106,27056.125,6501.294,1472.0,963.165,15.9,24.3,true,0
bus_line_900000173534,bus_route_900000173534,7,32,5491.066,5491.066,497.0,1025.672,39.774,19.273,true,0
bus_line_900000173535,bus_route_900000173535,7,83,14548.765,14548.765,678.0,1995.971,77.25,26.241,true,0
bus_line_900000173976,bus_route_900000173976,22,240,36501.108,36501.108,2034.0,5475.922,64.604,23.997,true,0
bus_line_900000173977,bus_route_900000173977,22,264,37242.605,37203.056,2038.0,5525.867,65.717,24.237,true,0
bus_line_900000174899,bus_route_900000174899,12,101,19855.397,19855.397,1374.0,3361.554,52.023,21.264,true,0
bus_line_900000174900,bus_route_900000174900,13,176,34964.489,34964.489,2211.0,5476.717,56.93,22.983,true,0
bus_line_900000175764,bus_route_900000175764,20,261,45630.606,45630.606,2519.0,6710.256,65.212,24.48,true,0
bus_line_900000175765,bus_route_900000175765,20,454,77555.249,39542.631,2016.0,5606.454,70.612,25.391,true,0
bus_line_900000175766,bus_route_900000175766,6,59,9603.266,9603.266,539.0,1413.495,64.141,24.458,true,0
bus_line_900000175767,bus_route_900000175767,6,46,8150.721,7602.939,397.0,1124.366,68.944,24.343,true,0
bus_line_900000175768,bus_route_900000175768,26,299,41128.661,41108.37,2194.0,6064.449,67.452,24.403,true,0
bus_line_900000175769,bus_route_900000175769,27,279,47199.253,47199.253,2544.0,7027.231,66.791,24.18,true,0
bus_line_900000175770,bus_route_900000175770,8,1132,205257.138,172073.646,8289.0,21987.437,74.733,28.174,true,0
bus_line_900000175771,bus_route_900000175771,8,1338,233185.178,233185.178,11925.0,30553.823,70.396,27.475,true,0
bus_line_900000181437,bus_route_900000181437,13,85,11171.354,11171.354,628.0,1796.488,64.04,22.386,true,0
bus_line_900000181438,bus_route_900000181438,11,175,25667.384,25667.384,1430.0,3796.359,64.617,24.34,true,0
bus_line_900000181867,bus_route_900000181867,2,24,2889.973,2889.973,157.0,396.929,66.267,26.211,true,0
bus_line_900000182671,bus_route_900000182671,12,275,54853.813,54633.92,2776.0,7399.459,70.851,26.581,true,0
bus_line_900000182672,bus_route_900000182672,13,306,51765.601,51765.601,2663.0,7102.35,69.98,26.239,true,0
bus_line_900000183431,bus_route_900000183431,11,274,39594.807,39594.807,2240.0,5671.382,63.635,25.133,true,0
bus_line_900000183432,bus_route_900000183432,11,241,33162.353,33162.353,2025.0,5012.089,58.955,23.819,true,0
bus_line_900000183715,bus_route_900000183715,8,164,15262.971,15063.537,1199.0,2532.396,45.228,21.414,true,0
bus_line_900000183716,bus_route_900000183716,8,196,17257.097,17257.097,1393.0,2885.959,44.598,21.527,true,0
bus_line_900000186777,bus_route_900000186777,11,459,83764.9,74331.827,3900.0,10196.309,68.614,26.244,true,0
bus_line_900000186785,bus_route_900000186785,18,1658,297346.309,297346.309,14969.0,40076.509,71.511,26.71,true,0
bus_line_900000186795,bus_route_900000186795,9,453,91223.018,39453.18,2023.0,5308.939,70.208,26.753,true,0
bus_line_900000187569,bus_route_900000187569,7,70,10093.97,10093.97,563.0,1496.837,64.544,24.277,true,0
bus_line_900000187570,bus_route_900000187570,6,70,11017.219,10469.437,517.0,1481.037,72.901,25.448,true,0
bus_line_900000189726,bus_route_900000189726,19,143,18078.722,18078.722,1018.0,2886.711,63.933,22.546,true,0
bus_line_900000189727,bus_route_900000189727,19,92,10137.635,10137.635,590.0,1797.22,61.857,20.307,true,0
bus_line_900000191300,bus_route_900000191300,4,20,3869.571,3869.571,207.0,584.817,67.297,23.82,true,0
bus_line_900000191301,bus_route_900000191301,5,38,6927.197,6927.197,318.0,974.869,78.421,25.581,true,0
bus_line_900000192611,bus_route_900000192611,20,1235,240962.691,240962.691,11807.0,32554.203,73.47,26.647,true,0
bus_line_900000192614,bus_route_900000192614,2,95,10058.277,9026.751,493.0,1279.563,65.915,25.396,true,0
bus_line_900000192900,bus_route_900000192900,10,46,6827.253,6827.253,466.0,1175.338,52.743,20.912,true,0
bus_line_900000192901,bus_route_900000192901,11,97,15411.982,15411.982,932.0,2400.087,59.531,23.117,true,0
bus_line_900000193359,bus_route_900000193359,27,351,98698.918,98601.6,5956.0,14557.907,59.598,24.383,true,0
bus_line_900000193360,bus_route_900000193360,23,129,40514.102,40181.625,2348.0,6057.911,61.607,23.879,true,0
bus_line_900000193763,bus_route_900000193763,9,134,17240.626,17240.626,833.0,2409.518,74.509,25.759,true,0
bus_line_900000193764,bus_route_900000193764,8,123,15874.994,15874.994,755.0,2226.274,75.695,25.671,true,0
bus_line_900000194319,bus_route_900000194319,7,123,15913.258,15913.258,889.0,2340.804,64.441,24.474,true,0
bus_line_900000194352,bus_route_900000194352,19,1157,225566.132,225566.132,11632.0,30256.669,69.811,26.838,true,0
bus_line_900000195062,bus_route_900000195062,6,943,160874.233,154936.767,7918.0,20159.536,70.444,27.668,true,0
bus_line_900000196463,bus_route_900000196463,10,64,12597.788,12597.788,789.0,1988.564,57.48,22.806,true,0
bus_line_900000198627,bus_route_900000198627,3,71,12921.214,12373.432,568.0,1617.416,78.423,27.54,true,0
bus_line_900000200434,bus_route_900000200434,13,1620,334681.512,334681.512,16611.0,44092.742,72.533,27.325,true,0
bus_line_900000200435,bus_route_900000200435,13,1153,180021.302,180021.302,9730.0,25121.032,66.606,25.798,true,0
bus_line_900000204072,bus_route_900000204072,2,19,2817.414,2817.414,194.0,466.799,52.282,21.728,true,0
bus_line_900000204073,bus_route_900000204073,2,14,1649.817,1649.817,113.0,279.85,52.561,21.223,true,0
bus_line_900000204980,bus_route_900000204980,9,254,51558.884,20288.888,1301.0,3215.471,56.141,22.715,true,0
bus_line_900000204982,bus_route_900000204982,9,366,70966.166,70619.046,3929.0,9803.611,64.706,25.932,true,0
bus_line_900000205225,bus_route_900000205225,6,1068,169710.018,169710.018,8472.0,22317.154,72.115,27.376,true,0
bus_line_900000205226,bus_route_900000205226,6,1156,202977.319,202977.319,10259.0,26921.178,71.227,27.143,true,0
bus_line_900000206025,bus_route_900000206025,16,1239,249803.45,249803.45,12486.0,32773.572,72.024,27.44,true,0
bus_line_900000206825,bus_route_900000206825,8,145,15888.464,15888.464,999.0,2485.85,57.256,23.01,true,0
bus_line_900000208231,bus_route_900000208231,5,69,7841.909,7841.909,378.0,1110.719,74.685,25.417,true,0
bus_line_900000208234,bus_route_900000208234,5,75,8435.0,8435.0,454.0,1209.687,66.885,25.102,true,0
bus_line_900000208430,bus_route_900000208430,7,257,60345.255,60345.255,3148.0,8204.213,69.01,26.479,true,0
bus_line_900000208431,bus_route_900000208431,9,96,20889.888,20889.888,1182.0,3060.56,63.624,24.572,true,0
bus_line_900000208609,bus_route_900000208609,10,143,19990.566,19990.566,1289.0,3155.79,55.831,22.804,true,0
bus_line_900000208610,bus_route_900000208610,10,172,20656.126,20656.126,1304.0,3222.16,57.026,23.078,true,0
bus_line_900000208818,bus_route_900000208818,6,20,4601.615,4373.781,306.0,801.25,51.456,19.651,true,0
bus_line_900000214653,bus_route_900000214653,2,11,2846.626,2846.626,103.0,361.595,99.494,28.341,true,0
bus_line_900000214655,bus_route_900000214655,2,16,3151.062,3151.062,114.0,398.883,99.507,28.439,true,0
bus_line_900000215287,bus_route_900000215287,19,320,41655.147,41655.147,2305.0,6077.679,65.058,24.674,true,0
bus_line_900000215288,bus_route_900000215288,23,505,70863.9,70863.9,3833.0,10097.917,66.556,25.264,true,0
bus_line_900000215327,bus_route_900000215327,5,17,4725.849,3755.481,274.0,667.728,49.342,20.247,true,0
bus_line_900000216263,bus_route_900000216263,2,4,814.65,814.65,37.0,124.741,79.263,23.511,true,0
bus_line_900000216266,bus_route_900000216266,2,4,820.717,820.717,37.0,125.521,79.854,23.539,true,0
bus_line_900000219138,bus_route_900000219138,4,20,3240.65,2999.346,149.0,463.777,72.467,23.282,true,0
bus_line_900000219144,bus_route_900000219144,9,27,4891.087,4649.783,286.0,848.198,58.529,19.735,true,0
bus_line_900000219146,bus_route_900000219146,4,21,4449.64,4449.64,227.0,666.646,70.567,24.029,true,0
bus_line_900000219148,bus_route_900000219148,9,43,7740.232,7740.232,456.0,1283.83,61.107,21.704,true,0
bus_line_900000220510,bus_route_900000220510,8,111,10222.541,8733.173,513.0,1387.905,61.285,22.652,true,0
bus_line_900000220513,bus_route_900000220513,7,67,6460.137,6460.137,393.0,1050.054,59.177,22.148,true,0
bus_line_900000220692,bus_route_900000220692,9,160,23602.62,23602.62,1332.0,3467.63,63.791,24.504,true,0
bus_line_900000220694,bus_route_900000220694,9,169,25932.003,25892.454,1428.0,3731.423,65.275,24.981,true,0
bus_line_900000220797,bus_route_900000220797,5,57,5604.014,5604.014,321.0,874.106,62.849,23.08,true,0
bus_line_900000220798,bus_route_900000220798,5,62,5807.84,5807.84,330.0,899.864,63.358,23.235,true,0
bus_line_900000220899,bus_route_900000220899,18,535,102564.424,102564.424,6081.0,15051.068,60.719,24.532,true,0
bus_line_900000220911,bus_route_900000220911,18,595,102654.585,102654.585,6294.0,15340.599,58.716,24.09,true,0
bus_line_900000221801,bus_route_900000221801,5,135,21788.742,21788.742,1199.0,3101.913,65.421,25.287,true,0
bus_line_900000222159,bus_route_900000222159,4,868,152923.542,152923.542,7305.0,19765.029,75.363,27.853,true,0
bus_line_900000222160,bus_route_900000222160,4,1084,191788.384,191788.384,9558.0,25141.271,72.237,27.462,true,0
bus_line_900000224203,bus_route_900000224203,4,79,9731.501,9731.501,508.0,1381.591,68.963,25.357,true,0
bus_line_900000224206,bus_route_900000224206,4,101,12550.517,12550.517,676.0,1803.456,66.837,25.053,true,0
bus_line_900000224214,bus_route_900000224214,11,284,41818.024,41818.024,2296.0,6014.014,65.568,25.032,true,0
bus_line_900000224217,bus_route_900000224217,11,277,41598.135,41558.586,2171.0,5829.925,68.913,25.663,true,0
bus_line_900000224227,bus_route_900000224227,2,123,20914.145,20914.145,1205.0,2867.647,62.482,26.255,true,0
bus_line_900000224230,bus_route_900000224230,2,335,70077.839,18138.578,858.0,2377.394,76.106,27.467,true,0
bus_line_900000224763,bus_route_900000224763,12,255,30022.071,29380.663,2006.0,4734.333,52.727,22.341,true,0
bus_line_900000226061,bus_route_900000226061,13,180,31621.082,31621.082,1485.0,4316.857,76.657,26.37,true,0
bus_line_900000226062,bus_route_900000226062,13,158,28836.5,28836.5,1357.0,3960.25,76.501,26.213,true,0
bus_line_900000227835,bus_route_900000227835,7,39,4747.412,4747.412,277.0,793.15,61.699,21.548,true,0
bus_line_900000227837,bus_route_900000227837,7,23,3854.789,3296.497,200.0,608.48,59.337,19.503,true,0
bus_line_900000227838,bus_route_900000227838,11,42,5565.724,5480.863,334.0,1001.522,59.075,19.701,true,0
bus_line_900000227841,bus_route_900000227841,10,53,10355.985,10355.985,618.0,1672.188,60.326,22.295,true,0
bus_line_900000227849,bus_route_900000227849,11,69,19540.086,19540.086,1211.0,3037.474,58.088,23.159,true,0
bus_line_900000227853,bus_route_900000227853,11,42,15498.323,15498.323,943.0,2439.256,59.166,22.873,true,0
bus_line_900000228016,bus_route_900000228016,11,459,83764.9,74331.827,3900.0,10196.309,68.614,26.244,true,0
bus_line_900000228019,bus_route_900000228019,10,449,92242.865,40473.027,2056.0,5455.373,70.867,26.708,true,0
bus_line_900000228769,bus_route_900000228769,12,163,25237.502,25237.502,1400.0,3759.339,64.896,24.168,true,0
bus_line_900000228770,bus_route_900000228770,12,101,16555.71,16445.314,926.0,2542.629,63.934,23.284,true,0
bus_line_900000229312,bus_route_900000229312,7,833,133923.978,133923.978,6817.0,17698.459,70.724,27.241,true,0
bus_line_900000229313,bus_route_900000229313,7,475,82938.3,82938.3,4097.0,10961.411,72.877,27.239,true,0
bus_line_900000233207,bus_route_900000233207,3,117,18541.966,18025.616,1102.0,2679.737,58.886,24.216,true,0
bus_line_900000233209,bus_route_900000233209,3,123,32626.178,32626.178,2186.0,4907.091,53.73,23.936,true,0
bus_line_900000234572,bus_route_900000234572,3,74,6398.944,6359.395,624.0,1144.406,36.689,20.005,true,0
bus_line_900000234573,bus_route_900000234573,3,82,6957.189,6947.035,666.0,1240.565,37.552,20.16,true,0
bus_line_900000238460,bus_route_900000238460,4,31,4629.21,4629.21,281.0,729.151,59.307,22.856,true,0
bus_line_900000238478,bus_route_900000238478,4,32,4737.249,4737.249,279.0,738.855,61.126,23.082,true,0
bus_line_900000240967,bus_route_900000240967,13,108,9183.903,9183.903,638.0,1672.874,51.821,19.764,true,0
bus_line_900000240970,bus_route_900000240970,13,77,8697.75,8443.956,577.0,1566.784,52.683,19.402,true,0
bus_line_900000240972,bus_route_900000240972,11,87,11002.629,11002.629,776.0,1967.611,51.043,20.131,true,0
bus_line_900000240994,bus_route_900000240994,11,64,5411.869,5158.075,379.0,1034.843,48.995,17.944,true,0
bus_line_900000241115,bus_route_900000241115,13,78,9296.724,9296.724,615.0,1645.546,54.42,20.339,true,0
bus_line_900000241675,bus_route_900000241675,5,52,6966.612,6966.612,486.0,1122.621,51.605,22.34,true,0
bus_line_900000241761,bus_route_900000241761,2,93,19118.035,2774.646,175.0,432.827,57.078,23.078,true,0
bus_line_900000241762,bus_route_900000241762,2,196,47133.551,47133.551,2541.0,6482.362,66.777,26.176,true,0
bus_line_900000242114,bus_route_900000242114,14,97,9578.22,9578.22,642.0,1754.899,53.71,19.649,true,0
bus_line_900000242133,bus_route_900000242133,11,81,8240.341,8240.341,558.0,1493.902,53.163,19.858,true,0
bus_line_900000242355,bus_route_900000242355,10,285,48571.924,48571.924,2504.0,6754.466,69.832,25.888,true,0
bus_line_900000242356,bus_route_900000242356,10,201,31368.95,31368.95,1601.0,4397.889,70.536,25.678,true,0
bus_line_900000242372,bus_route_900000242372,5,92,17167.795,17167.795,1079.0,2553.459,57.279,24.204,true,0
bus_line_900000242373,bus_route_900000242373,3,33,4169.189,4169.189,280.0,683.16,53.604,21.97,true,0
bus_line_900000242915,bus_route_900000242915,8,27,5373.86,5373.86,303.0,894.171,63.848,21.636,true,0
bus_line_900000242916,bus_route_900000242916,8,22,4063.491,4063.491,228.0,708.97,64.16,20.634,true,0
bus_line_900000252750,bus_route_900000252750,4,49,5773.062,5773.062,278.0,819.891,74.759,25.349,true,0
bus_line_900000252751,bus_route_900000252751,4,43,5687.896,5687.896,246.0,766.923,83.238,26.699,true,0
bus_line_900000254108,bus_route_900000254108,7,614,96858.764,96858.764,5053.0,12965.139,69.007,26.895,true,0
bus_line_900000254110,bus_route_900000254110,9,929,147740.356,147621.054,7451.0,19505.479,71.324,27.245,true,0
bus_line_900000254111,bus_route_900000254111,6,156,20975.119,20975.119,1182.0,3052.042,63.884,24.741,true,0
bus_line_900000254112,bus_route_900000254112,2,82,10475.984,10475.984,471.0,1367.44,80.071,27.58,true,0
bus_line_900000254113,bus_route_900000254113,2,86,9760.127,9760.127,480.0,1327.642,73.201,26.465,true,0
bus_line_900000254114,bus_route_900000254114,6,784,131092.932,131092.932,6453.0,17066.186,73.134,27.653,true,0
bus_line_900000254115,bus_route_900000254115,7,494,79403.968,79403.968,3981.0,10504.222,71.805,27.213,true,0
bus_line_900000254116,bus_route_900000254116,5,136,17267.476,17267.476,841.0,2359.266,73.915,26.348,true,0
bus_line_900000254117,bus_route_900000254117,5,157,18517.513,18517.513,916.0,2547.897,72.776,26.164,true,0
bus_line_900000254118,bus_route_900000254118,7,144,20031.81,19965.207,1167.0,2993.558,61.589,24.01,true,0
bus_line_900000254119,bus_route_900000254119,9,627,97204.65,97204.65,5011.0,12972.189,69.834,26.976,true,0
bus_line_900000254120,bus_route_900000254120,9,477,78160.061,78160.061,3930.0,10380.363,71.597,27.107,true,0
bus_line_900000254122,bus_route_900000254122,7,175,24022.959,24022.959,1449.0,3590.961,59.684,24.083,true,0
bus_line_900000254585,bus_route_900000254585,2,26,3902.484,3902.484,207.0,559.491,67.869,25.11,true,0
bus_line_900000254589,bus_route_900000254589,2,47,4372.767,4372.767,289.0,665.469,54.47,23.655,true,0
bus_line_900000254748,bus_route_900000254748,10,109,10863.382,10863.382,562.0,1657.181,69.588,23.599,true,0
bus_line_900000254749,bus_route_900000254749,7,84,10306.553,10306.553,643.0,1642.697,57.704,22.587,true,0
bus_line_900000254750,bus_route_900000254750,10,106,11920.74,11920.74,633.0,1823.055,67.796,23.54,true,0
bus_line_900000254751,bus_route_900000254751,7,352,70193.406,25562.964,1568.0,3895.528,58.69,23.624,true,0
bus_line_900000254762,bus_route_900000254762,4,196,25805.349,25805.349,1178.0,3400.008,78.862,27.323,true,0
bus_line_900000254763,bus_route_900000254763,3,171,24298.317,24298.317,1089.0,3155.284,80.325,27.723,true,0
bus_line_900000255347,bus_route_900000255347,3,70,13015.991,13015.991,649.0,1719.968,72.2,27.243,true,0
